station,date,datatype,value,attributes
GHCND:US1ORBK0020,2023-01-01T00:00:00,PRCP,0.0,",,N,0700"
GHCND:US1ORBK0020,2023-01-01T00:00:00,SNOW,0.0,",,N,0700"
GHCND:US1ORBN0002,2023-01-01T00:00:00,PRCP,0.14,",,N,0710"
GHCND:US1ORBN0007,2023-01-01T00:00:00,PRCP,0.18,",,N,0800"
GHCND:US1ORBN0012,2023-01-01T00:00:00,PRCP,0.11,",,N,0700"
GHCND:US1ORBN0013,2023-01-01T00:00:00,PRCP,0.46,",,N,0700"
GHCND:US1ORBN0013,2023-01-01T00:00:00,SNOW,0.0,",,N,0700"
GHCND:US1ORBN0013,2023-01-01T00:00:00,SNWD,0.0,",,N,0700"
GHCND:US1ORBN0018,2023-01-01T00:00:00,PRCP,0.16,",,N,0750"
GHCND:US1ORBN0021,2023-01-01T00:00:00,PRCP,0.24,",,N,0800"
GHCND:US1ORBN0021,2023-01-01T00:00:00,SNOW,0.0,",,N,0800"
GHCND:US1ORBN0022,2023-01-01T00:00:00,PRCP,0.21,",,N,0930"
GHCND:US1ORBN0022,2023-01-01T00:00:00,SNOW,0.0,",,N,0930"
GHCND:US1ORBN0022,2023-01-01T00:00:00,SNWD,0.0,",,N,0930"
GHCND:US1ORBN0022,2023-01-01T00:00:00,WESD,0.0,",,N,0930"
GHCND:US1ORBN0022,2023-01-01T00:00:00,WESF,0.0,",,N,0930"
GHCND:US1ORBN0028,2023-01-01T00:00:00,PRCP,0.1,",,N,0700"
GHCND:US1ORBN0030,2023-01-01T00:00:00,PRCP,0.08,",,N,0810"
GHCND:US1ORBN0032,2023-01-01T00:00:00,PRCP,0.14,",,N,0800"
GHCND:US1ORBN0032,2023-01-01T00:00:00,SNOW,0.0,",,N,0800"
GHCND:US1ORBN0032,2023-01-01T00:00:00,SNWD,0.0,",,N,0800"
GHCND:US1ORBN0033,2023-01-01T00:00:00,PRCP,0.25,",,N,0800"
GHCND:US1ORBN0040,2023-01-01T00:00:00,PRCP,0.15,",,N,0800"
GHCND:US1ORBN0041,2023-01-01T00:00:00,PRCP,0.18,",,N,0700"
GHCND:US1ORBN0053,2023-01-01T00:00:00,PRCP,0.14,",,N,0700"
GHCND:US1ORBN0062,2023-01-01T00:00:00,PRCP,0.22,",,N,0939"
GHCND:US1ORBN0065,2023-01-01T00:00:00,PRCP,0.13,",,N,0700"
GHCND:US1ORBN0069,2023-01-01T00:00:00,PRCP,0.13,",,N,0800"
GHCND:US1ORBN0084,2023-01-01T00:00:00,PRCP,0.28,",,N,0700"
GHCND:US1ORBN0085,2023-01-01T00:00:00,PRCP,0.12,",,N,0800"
GHCND:US1ORBN0085,2023-01-01T00:00:00,SNOW,0.0,",,N,0800"
GHCND:US1ORBN0085,2023-01-01T00:00:00,SNWD,0.0,",,N,0800"
GHCND:US1ORBN0095,2023-01-01T00:00:00,PRCP,0.12,",,N,0700"
GHCND:US1ORBN0096,2023-01-01T00:00:00,PRCP,0.17,",,N,0700"
GHCND:US1ORBN0101,2023-01-01T00:00:00,PRCP,0.18,",,N,0800"
GHCND:US1ORBN0104,2023-01-01T00:00:00,PRCP,0.2,",,N,0800"
GHCND:US1ORBN0106,2023-01-01T00:00:00,PRCP,0.15,",,N,0630"
GHCND:US1ORBN0108,2023-01-01T00:00:00,PRCP,0.13,",,N,0850"
GHCND:US1ORBN0108,2023-01-01T00:00:00,SNOW,0.0,",,N,0850"
GHCND:US1ORBN0108,2023-01-01T00:00:00,SNWD,0.0,",,N,0850"
GHCND:US1ORBN0108,2023-01-01T00:00:00,WESD,0.0,",,N,0850"
GHCND:US1ORBN0108,2023-01-01T00:00:00,WESF,0.0,",,N,0850"
GHCND:US1ORBN0111,2023-01-01T00:00:00,PRCP,0.2,",,N,0700"
GHCND:US1ORBN0113,2023-01-01T00:00:00,PRCP,0.0,",,N,0700"
GHCND:US1ORBN0113,2023-01-01T00:00:00,SNOW,0.0,",,N,0700"
GHCND:US1ORBN0117,2023-01-01T00:00:00,PRCP,0.02,",,N,1345"
GHCND:US1ORBN0124,2023-01-01T00:00:00,PRCP,0.14,",,N,0800"
GHCND:US1ORBN0126,2023-01-01T00:00:00,PRCP,0.25,",,N,0800"
GHCND:US1ORBN0129,2023-01-01T00:00:00,DAPR,2,",,N,0830"
GHCND:US1ORBN0129,2023-01-01T00:00:00,MDPR,0.65,",,N,0830"
GHCND:US1ORBN0132,2023-01-01T00:00:00,PRCP,0.19,",,N,0800"
GHCND:US1ORBN0134,2023-01-01T00:00:00,PRCP,0.2,",,N,1600"
GHCND:US1ORBN0142,2023-01-01T00:00:00,PRCP,0.16,",,N,0800"
GHCND:US1ORBN0149,2023-01-01T00:00:00,PRCP,0.23,",,N,0840"
GHCND:US1ORBN0154,2023-01-01T00:00:00,PRCP,0.17,",,N,0845"
GHCND:US1ORBN0156,2023-01-01T00:00:00,PRCP,0.0,"T,,N,0700"
GHCND:US1ORBN0159,2023-01-01T00:00:00,PRCP,0.13,",,N,0700"
GHCND:US1ORBN0160,2023-01-01T00:00:00,PRCP,0.17,",,N,0800"
GHCND:US1ORBN0160,2023-01-01T00:00:00,SNOW,0.0,",,N,0800"
GHCND:US1ORBN0160,2023-01-01T00:00:00,WESF,0.0,",,N,0800"
GHCND:US1ORBN0166,2023-01-01T00:00:00,PRCP,0.19,",,N,0930"
GHCND:US1ORCB0009,2023-01-01T00:00:00,PRCP,0.03,",,N,0800"
GHCND:US1ORCB0009,2023-01-01T00:00:00,SNOW,0.0,",,N,0800"
GHCND:US1ORCB0010,2023-01-01T00:00:00,PRCP,0.15,",,N,0700"
GHCND:US1ORCB0010,2023-01-01T00:00:00,SNOW,0.0,",,N,0700"
GHCND:US1ORCB0010,2023-01-01T00:00:00,SNWD,0.0,",,N,0700"
GHCND:US1ORCB0010,2023-01-01T00:00:00,WESD,0.0,",,N,0700"
GHCND:US1ORCB0010,2023-01-01T00:00:00,WESF,0.0,",,N,0700"
GHCND:US1ORCB0013,2023-01-01T00:00:00,DAPR,22,",,N,0800"
GHCND:US1ORCB0013,2023-01-01T00:00:00,MDPR,5.55,",,N,0800"
GHCND:US1ORCB0018,2023-01-01T00:00:00,PRCP,0.03,",,N,0700"
GHCND:US1ORCB0022,2023-01-01T00:00:00,PRCP,0.04,",,N,0700"
GHCND:US1ORCB0023,2023-01-01T00:00:00,PRCP,0.14,",,N,0830"
GHCND:US1ORCB0030,2023-01-01T00:00:00,PRCP,0.06,",,N,0815"
GHCND:US1ORCB0036,2023-01-01T00:00:00,PRCP,0.02,",,N,0700"
GHCND:US1ORCB0037,2023-01-01T00:00:00,PRCP,0.02,",,N,0700"
GHCND:US1ORCB0040,2023-01-01T00:00:00,PRCP,0.13,",,N,0700"
GHCND:US1ORCB0041,2023-01-01T00:00:00,PRCP,0.11,",,N,0858"
GHCND:US1ORCC0003,2023-01-01T00:00:00,PRCP,0.09,",,N,0700"
GHCND:US1ORCC0008,2023-01-01T00:00:00,PRCP,0.04,",,N,0700"
GHCND:US1ORCC0019,2023-01-01T00:00:00,PRCP,0.06,",,N,0700"
GHCND:US1ORCC0035,2023-01-01T00:00:00,PRCP,0.04,",,N,0700"
GHCND:US1ORCC0040,2023-01-01T00:00:00,PRCP,0.03,",,N,0800"
GHCND:US1ORCC0055,2023-01-01T00:00:00,PRCP,0.15,",,N,0700"
GHCND:US1ORCC0064,2023-01-01T00:00:00,PRCP,0.54,",,N,0800"
GHCND:US1ORCC0066,2023-01-01T00:00:00,PRCP,0.05,",,N,0700"
GHCND:US1ORCC0066,2023-01-01T00:00:00,SNOW,0.0,",,N,0700"
GHCND:US1ORCC0066,2023-01-01T00:00:00,SNWD,0.0,",,N,0700"
GHCND:US1ORCC0066,2023-01-01T00:00:00,WESD,0.0,",,N,0700"
GHCND:US1ORCC0066,2023-01-01T00:00:00,WESF,0.0,",,N,0700"
GHCND:US1ORCC0067,2023-01-01T00:00:00,PRCP,0.08,",,N,0700"
GHCND:US1ORCC0075,2023-01-01T00:00:00,PRCP,0.03,",,N,0800"
GHCND:US1ORCC0076,2023-01-01T00:00:00,PRCP,0.06,",,N,0700"
GHCND:US1ORCC0076,2023-01-01T00:00:00,SNOW,0.0,",,N,0700"
GHCND:US1ORCC0076,2023-01-01T00:00:00,SNWD,0.0,",,N,0700"
GHCND:US1ORCC0080,2023-01-01T00:00:00,PRCP,0.09,",,N,0800"
GHCND:US1ORCC0081,2023-01-01T00:00:00,PRCP,0.0,",,N,0900"
GHCND:US1ORCC0081,2023-01-01T00:00:00,SNOW,0.0,",,N,0900"
GHCND:US1ORCC0088,2023-01-01T00:00:00,PRCP,0.04,",,N,0700"
GHCND:US1ORCC0088,2023-01-01T00:00:00,SNOW,0.0,",,N,0700"
GHCND:US1ORCC0088,2023-01-01T00:00:00,SNWD,0.0,",,N,0700"
GHCND:US1ORCC0088,2023-01-01T00:00:00,WESD,0.0,",,N,0700"
GHCND:US1ORCC0088,2023-01-01T00:00:00,WESF,0.0,",,N,0700"
GHCND:US1ORCC0093,2023-01-01T00:00:00,PRCP,0.1,",,N,0746"
GHCND:US1ORCC0097,2023-01-01T00:00:00,PRCP,0.04,",,N,0700"
GHCND:US1ORCC0100,2023-01-01T00:00:00,PRCP,0.02,",,N,0700"
GHCND:US1ORCC0102,2023-01-01T00:00:00,PRCP,0.03,",,N,0730"
GHCND:US1ORCC0103,2023-01-01T00:00:00,DAPR,5,",,N,0800"
GHCND:US1ORCC0103,2023-01-01T00:00:00,MDPR,1.9,",,N,0800"
GHCND:US1ORCC0104,2023-01-01T00:00:00,PRCP,0.08,",,N,0700"
GHCND:US1ORCC0105,2023-01-01T00:00:00,PRCP,0.09,",,N,0700"
GHCND:US1ORCC0106,2023-01-01T00:00:00,PRCP,0.55,",,N,0700"
GHCND:US1ORCC0107,2023-01-01T00:00:00,PRCP,0.41,",,N,0700"
GHCND:US1ORCC0110,2023-01-01T00:00:00,PRCP,0.01,",,N,0800"
GHCND:US1ORCC0112,2023-01-01T00:00:00,PRCP,0.11,",,N,0630"
GHCND:US1ORCC0113,2023-01-01T00:00:00,PRCP,0.24,",,N,0800"
GHCND:US1ORCC0115,2023-01-01T00:00:00,PRCP,0.03,",,N,0700"
GHCND:US1ORCC0115,2023-01-01T00:00:00,SNOW,0.0,",,N,0700"
GHCND:US1ORCC0115,2023-01-01T00:00:00,SNWD,0.0,",,N,0700"
GHCND:US1ORCC0115,2023-01-01T00:00:00,WESD,0.0,",,N,0700"
GHCND:US1ORCC0115,2023-01-01T00:00:00,WESF,0.0,",,N,0700"
GHCND:US1ORCC0116,2023-01-01T00:00:00,PRCP,0.05,",,N,0900"
GHCND:US1ORCC0118,2023-01-01T00:00:00,PRCP,0.03,",,N,0730"
GHCND:US1ORCC0119,2023-01-01T00:00:00,PRCP,0.04,",,N,0700"
GHCND:US1ORCC0121,2023-01-01T00:00:00,PRCP,0.02,",,N,0700"
GHCND:US1ORCK0001,2023-01-01T00:00:00,PRCP,0.0,",,N,0700"
GHCND:US1ORCK0001,2023-01-01T00:00:00,SNOW,0.0,",,N,0700"
GHCND:US1ORCK0001,2023-01-01T00:00:00,SNWD,1.0,",,N,0700"
GHCND:US1ORCK0010,2023-01-01T00:00:00,PRCP,0.0,"T,,N,0700"
GHCND:US1ORCK0010,2023-01-01T00:00:00,SNOW,0.0,"T,,N,0700"
GHCND:US1ORCK0012,2023-01-01T00:00:00,PRCP,0.0,",,N,0700"
GHCND:US1ORCK0012,2023-01-01T00:00:00,SNOW,0.0,",,N,0700"
GHCND:US1ORCK0013,2023-01-01T00:00:00,PRCP,0.0,",,N,0700"
GHCND:US1ORCK0013,2023-01-01T00:00:00,SNOW,0.0,",,N,0700"
GHCND:US1ORCK0013,2023-01-01T00:00:00,SNWD,0.0,",,N,0700"
GHCND:US1ORCS0007,2023-01-01T00:00:00,PRCP,0.0,",,N,0700"
GHCND:US1ORCS0007,2023-01-01T00:00:00,SNOW,0.0,",,N,0700"
GHCND:US1ORCS0011,2023-01-01T00:00:00,PRCP,0.0,",,N,0630"
GHCND:US1ORCS0011,2023-01-01T00:00:00,SNOW,0.0,",,N,0630"
GHCND:US1ORCS0014,2023-01-01T00:00:00,PRCP,0.03,",,N,0700"
GHCND:US1ORCS0017,2023-01-01T00:00:00,PRCP,0.01,",,N,0700"
GHCND:US1ORCS0022,2023-01-01T00:00:00,PRCP,0.01,",,N,0800"
GHCND:US1ORCS0024,2023-01-01T00:00:00,PRCP,0.02,",,N,0700"
GHCND:US1ORCS0026,2023-01-01T00:00:00,PRCP,0.02,",,N,0700"
GHCND:US1ORCS0026,2023-01-01T00:00:00,SNOW,0.0,",,N,0700"
GHCND:US1ORCS0026,2023-01-01T00:00:00,SNWD,0.0,",,N,0700"
GHCND:US1ORCS0029,2023-01-01T00:00:00,PRCP,0.0,",,N,0800"
GHCND:US1ORCS0029,2023-01-01T00:00:00,SNOW,0.0,",,N,0800"
GHCND:US1ORCS0030,2023-01-01T00:00:00,PRCP,0.0,",,N,0700"
GHCND:US1ORCS0030,2023-01-01T00:00:00,SNOW,0.0,",,N,0700"
GHCND:US1ORCS0031,2023-01-01T00:00:00,PRCP,0.01,",,N,0800"
GHCND:US1ORCS0032,2023-01-01T00:00:00,PRCP,0.02,",,N,0730"
GHCND:US1ORCT0020,2023-01-01T00:00:00,PRCP,0.16,",,N,0800"
GHCND:US1ORCT0021,2023-01-01T00:00:00,DAPR,10,",,N,0700"
GHCND:US1ORCT0021,2023-01-01T00:00:00,MDPR,9.0,",,N,0700"
GHCND:US1ORCY0001,2023-01-01T00:00:00,PRCP,0.0,",,N,0700"
GHCND:US1ORCY0001,2023-01-01T00:00:00,SNOW,0.0,",,N,0700"
GHCND:US1ORCY0001,2023-01-01T00:00:00,SNWD,0.0,",,N,0700"
GHCND:US1ORCY0014,2023-01-01T00:00:00,PRCP,0.0,",,N,0700"
GHCND:US1ORCY0014,2023-01-01T00:00:00,SNOW,0.0,",,N,0700"
GHCND:US1ORCY0015,2023-01-01T00:00:00,PRCP,0.0,",,N,0800"
GHCND:US1ORCY0015,2023-01-01T00:00:00,SNOW,0.0,",,N,0800"
GHCND:US1ORCY0016,2023-01-01T00:00:00,PRCP,0.0,",,N,0800"
GHCND:US1ORCY0016,2023-01-01T00:00:00,SNOW,0.0,",,N,0800"
GHCND:US1ORCY0018,2023-01-01T00:00:00,PRCP,0.02,",,N,0700"
GHCND:US1ORCY0020,2023-01-01T00:00:00,PRCP,0.03,",,N,0700"
GHCND:US1ORCY0025,2023-01-01T00:00:00,PRCP,0.02,",,N,0700"
GHCND:US1ORDG0003,2023-01-01T00:00:00,PRCP,0.0,",,N,0700"
GHCND:US1ORDG0003,2023-01-01T00:00:00,SNOW,0.0,",,N,0700"
GHCND:US1ORDG0010,2023-01-01T00:00:00,PRCP,0.03,",,N,0712"
GHCND:US1ORDG0012,2023-01-01T00:00:00,PRCP,0.03,",,N,0700"
GHCND:US1ORDG0012,2023-01-01T00:00:00,SNOW,0.0,",,N,0700"
GHCND:US1ORDG0012,2023-01-01T00:00:00,SNWD,0.0,",,N,0700"
GHCND:US1ORDG0022,2023-01-01T00:00:00,PRCP,0.03,",,N,0700"
GHCND:US1ORDG0026,2023-01-01T00:00:00,PRCP,0.03,",,N,0700"
GHCND:US1ORDG0027,2023-01-01T00:00:00,PRCP,0.02,",,N,0800"
GHCND:US1ORDG0030,2023-01-01T00:00:00,PRCP,0.0,",,N,0800"
GHCND:US1ORDG0030,2023-01-01T00:00:00,SNOW,0.0,",,N,0800"
GHCND:US1ORDG0033,2023-01-01T00:00:00,PRCP,0.06,",,N,0700"
GHCND:US1ORDG0043,2023-01-01T00:00:00,PRCP,0.05,",,N,0800"
GHCND:US1ORDG0045,2023-01-01T00:00:00,PRCP,0.36,",,N,0700"
GHCND:US1ORDG0047,2023-01-01T00:00:00,PRCP,0.05,",,N,0700"
GHCND:US1ORDG0048,2023-01-01T00:00:00,PRCP,0.0,",,N,0700"
GHCND:US1ORDG0048,2023-01-01T00:00:00,SNOW,0.0,",,N,0700"
GHCND:US1ORDG0049,2023-01-01T00:00:00,PRCP,0.05,",,N,0800"
GHCND:US1ORDG0050,2023-01-01T00:00:00,PRCP,0.06,",,N,0800"
GHCND:US1ORDG0052,2023-01-01T00:00:00,PRCP,0.0,",,N,0800"
GHCND:US1ORDG0052,2023-01-01T00:00:00,SNOW,0.0,",,N,0800"
GHCND:US1ORDG0053,2023-01-01T00:00:00,PRCP,0.06,",,N,1200"
GHCND:US1ORDG0054,2023-01-01T00:00:00,PRCP,0.05,",,N,0900"
GHCND:US1ORDG0057,2023-01-01T00:00:00,PRCP,0.01,",,N,0800"
GHCND:US1ORDG0058,2023-01-01T00:00:00,PRCP,0.0,",,N,0800"
GHCND:US1ORDG0058,2023-01-01T00:00:00,SNOW,0.0,",,N,0800"
GHCND:US1ORDG0061,2023-01-01T00:00:00,PRCP,0.04,",,N,0700"
GHCND:US1ORDG0062,2023-01-01T00:00:00,PRCP,0.0,",,N,0800"
GHCND:US1ORDG0062,2023-01-01T00:00:00,SNOW,0.0,",,N,0800"
GHCND:US1ORDG0063,2023-01-01T00:00:00,PRCP,0.08,",,N,0730"
GHCND:US1ORDG0064,2023-01-01T00:00:00,PRCP,0.03,",,N,0700"
GHCND:US1ORDG0067,2023-01-01T00:00:00,PRCP,0.0,",,N,0700"
GHCND:US1ORDG0067,2023-01-01T00:00:00,SNOW,0.0,",,N,0700"
GHCND:US1ORDS0001,2023-01-01T00:00:00,PRCP,0.0,",,N,0700"
GHCND:US1ORDS0001,2023-01-01T00:00:00,SNOW,0.0,",,N,0700"
GHCND:US1ORDS0017,2023-01-01T00:00:00,PRCP,0.0,",,N,0700"
GHCND:US1ORDS0017,2023-01-01T00:00:00,SNOW,0.0,",,N,0700"
GHCND:US1ORDS0017,2023-01-01T00:00:00,SNWD,0.0,"T,,N,0700"
GHCND:US1ORDS0029,2023-01-01T00:00:00,PRCP,0.0,",,N,0700"
GHCND:US1ORDS0029,2023-01-01T00:00:00,SNOW,0.0,",,N,0700"
GHCND:US1ORDS0029,2023-01-01T00:00:00,SNWD,0.0,"T,,N,0700"
GHCND:US1ORDS0033,2023-01-01T00:00:00,PRCP,0.0,",,N,0800"
GHCND:US1ORDS0033,2023-01-01T00:00:00,SNOW,0.0,",,N,0800"
GHCND:US1ORDS0035,2023-01-01T00:00:00,PRCP,0.27,",,N,0600"
GHCND:US1ORDS0035,2023-01-01T00:00:00,SNOW,2.0,",,N,0600"
GHCND:US1ORDS0035,2023-01-01T00:00:00,SNWD,1.0,",,N,0600"
GHCND:US1ORDS0036,2023-01-01T00:00:00,PRCP,0.0,",,N,0700"
GHCND:US1ORDS0036,2023-01-01T00:00:00,SNOW,0.0,",,N,0700"
GHCND:US1ORDS0045,2023-01-01T00:00:00,PRCP,0.0,",,N,0800"
GHCND:US1ORDS0045,2023-01-01T00:00:00,SNOW,0.0,",,N,0800"
GHCND:US1ORDS0049,2023-01-01T00:00:00,PRCP,0.0,",,N,0800"
GHCND:US1ORDS0049,2023-01-01T00:00:00,SNOW,0.0,",,N,0800"
GHCND:US1ORDS0051,2023-01-01T00:00:00,PRCP,0.0,",,N,0700"
GHCND:US1ORDS0051,2023-01-01T00:00:00,SNOW,0.0,",,N,0700"
GHCND:US1ORDS0061,2023-01-01T00:00:00,PRCP,0.0,",,N,0700"
GHCND:US1ORDS0061,2023-01-01T00:00:00,SNOW,0.0,",,N,0700"
GHCND:US1ORDS0061,2023-01-01T00:00:00,SNWD,0.0,",,N,0700"
GHCND:US1ORDS0063,2023-01-01T00:00:00,PRCP,0.0,",,N,0800"
GHCND:US1ORDS0063,2023-01-01T00:00:00,SNOW,0.0,",,N,0800"
GHCND:US1ORDS0064,2023-01-01T00:00:00,PRCP,0.0,",,N,0700"
GHCND:US1ORDS0064,2023-01-01T00:00:00,SNOW,0.0,",,N,0700"
GHCND:US1ORDS0066,2023-01-01T00:00:00,PRCP,0.0,",,N,0800"
GHCND:US1ORDS0066,2023-01-01T00:00:00,SNOW,0.0,",,N,0800"
GHCND:US1ORDS0069,2023-01-01T00:00:00,PRCP,0.0,",,N,0700"
GHCND:US1ORDS0069,2023-01-01T00:00:00,SNOW,0.0,",,N,0700"
GHCND:US1ORDS0069,2023-01-01T00:00:00,SNWD,0.0,",,N,0700"
GHCND:US1ORGR0004,2023-01-01T00:00:00,PRCP,0.0,"T,,N,0700"
GHCND:US1ORGR0004,2023-01-01T00:00:00,SNOW,0.0,"T,,N,0700"
GHCND:US1ORGR0008,2023-01-01T00:00:00,PRCP,0.0,"T,,N,0700"
GHCND:US1ORGR0008,2023-01-01T00:00:00,SNOW,0.0,"T,,N,0700"
GHCND:US1ORHR0007,2023-01-01T00:00:00,PRCP,0.0,",,N,0810"
GHCND:US1ORHR0007,2023-01-01T00:00:00,SNOW,0.0,",,N,0810"
GHCND:US1ORHR0008,2023-01-01T00:00:00,PRCP,0.15,",,N,0800"
GHCND:US1ORHR0009,2023-01-01T00:00:00,PRCP,0.0,",,N,0740"
GHCND:US1ORHR0009,2023-01-01T00:00:00,SNOW,0.0,",,N,0740"
GHCND:US1ORHR0009,2023-01-01T00:00:00,SNWD,0.0,",,N,0740"
GHCND:US1ORHR0010,2023-01-01T00:00:00,PRCP,0.01,",,N,0850"
GHCND:US1ORHR0010,2023-01-01T00:00:00,SNOW,0.0,",,N,0850"
GHCND:US1ORHR0010,2023-01-01T00:00:00,SNWD,0.0,",,N,0850"
GHCND:US1ORHR0010,2023-01-01T00:00:00,WESD,0.0,",,N,0850"
GHCND:US1ORHR0010,2023-01-01T00:00:00,WESF,0.0,",,N,0850"
GHCND:US1ORHY0005,2023-01-01T00:00:00,PRCP,0.0,",,N,0700"
GHCND:US1ORHY0005,2023-01-01T00:00:00,SNOW,0.0,",,N,0700"
GHCND:US1ORHY0005,2023-01-01T00:00:00,SNWD,11.0,",,N,0700"
GHCND:US1ORHY0005,2023-01-01T00:00:00,WESF,0.0,",,N,0700"
GHCND:US1ORHY0007,2023-01-01T00:00:00,PRCP,0.0,",,N,0800"
GHCND:US1ORHY0007,2023-01-01T00:00:00,SNOW,0.0,",,N,0800"
GHCND:US1ORJC0001,2023-01-01T00:00:00,PRCP,0.02,",,N,0800"
GHCND:US1ORJC0002,2023-01-01T00:00:00,PRCP,0.06,",,N,0800"
GHCND:US1ORJC0008,2023-01-01T00:00:00,PRCP,0.02,",,N,1115"
GHCND:US1ORJC0011,2023-01-01T00:00:00,PRCP,0.06,",,N,0700"
GHCND:US1ORJC0013,2023-01-01T00:00:00,PRCP,0.03,",,N,0730"
GHCND:US1ORJC0018,2023-01-01T00:00:00,PRCP,0.0,"T,,N,0800"
GHCND:US1ORJC0018,2023-01-01T00:00:00,SNOW,0.0,",,N,0800"
GHCND:US1ORJC0018,2023-01-01T00:00:00,SNWD,0.0,",,N,0800"
GHCND:US1ORJC0018,2023-01-01T00:00:00,WESD,0.0,",,N,0800"
GHCND:US1ORJC0018,2023-01-01T00:00:00,WESF,0.0,",,N,0800"
GHCND:US1ORJC0027,2023-01-01T00:00:00,PRCP,0.05,",,N,0700"
GHCND:US1ORJC0029,2023-01-01T00:00:00,PRCP,0.01,",,N,0700"
GHCND:US1ORJC0029,2023-01-01T00:00:00,SNOW,0.0,",,N,0700"
GHCND:US1ORJC0029,2023-01-01T00:00:00,SNWD,0.0,",,N,0700"
GHCND:US1ORJC0060,2023-01-01T00:00:00,PRCP,0.13,",,N,0700"
GHCND:US1ORJC0060,2023-01-01T00:00:00,SNOW,0.0,",,N,0700"
GHCND:US1ORJC0060,2023-01-01T00:00:00,SNWD,0.0,",,N,0700"
GHCND:US1ORJC0060,2023-01-01T00:00:00,WESD,0.0,",,N,0700"
GHCND:US1ORJC0060,2023-01-01T00:00:00,WESF,0.0,",,N,0700"
GHCND:US1ORJC0062,2023-01-01T00:00:00,PRCP,0.0,"T,,N,0700"
GHCND:US1ORJC0062,2023-01-01T00:00:00,SNOW,0.0,",,N,0700"
GHCND:US1ORJC0062,2023-01-01T00:00:00,SNWD,0.0,",,N,0700"
GHCND:US1ORJC0074,2023-01-01T00:00:00,PRCP,0.0,",,N,0700"
GHCND:US1ORJC0074,2023-01-01T00:00:00,SNOW,0.0,",,N,0700"
GHCND:US1ORJC0075,2023-01-01T00:00:00,PRCP,0.02,",,N,0700"
GHCND:US1ORJC0085,2023-01-01T00:00:00,PRCP,0.01,",,N,0700"
GHCND:US1ORJC0086,2023-01-01T00:00:00,PRCP,0.04,",,N,0600"
GHCND:US1ORJC0087,2023-01-01T00:00:00,PRCP,0.05,",,N,0700"
GHCND:US1ORJC0088,2023-01-01T00:00:00,PRCP,0.02,",,N,0900"
GHCND:US1ORJC0089,2023-01-01T00:00:00,PRCP,0.03,",,N,0800"
GHCND:US1ORJC0091,2023-01-01T00:00:00,PRCP,0.0,"T,,N,0800"
GHCND:US1ORJC0092,2023-01-01T00:00:00,PRCP,0.21,",,N,0700"
GHCND:US1ORJC0093,2023-01-01T00:00:00,PRCP,0.0,"T,,N,0700"
GHCND:US1ORJC0093,2023-01-01T00:00:00,SNOW,0.0,",,N,0700"
GHCND:US1ORJC0093,2023-01-01T00:00:00,SNWD,0.0,",,N,0700"
GHCND:US1ORJC0097,2023-01-01T00:00:00,PRCP,0.04,",,N,0745"
GHCND:US1ORJC0097,2023-01-01T00:00:00,SNOW,0.0,",,N,0745"
GHCND:US1ORJC0097,2023-01-01T00:00:00,WESF,0.0,",,N,0745"
GHCND:US1ORJC0098,2023-01-01T00:00:00,PRCP,0.0,",,N,0800"
GHCND:US1ORJC0098,2023-01-01T00:00:00,SNOW,0.0,",,N,0800"
GHCND:US1ORJC0099,2023-01-01T00:00:00,PRCP,0.02,",,N,0700"
GHCND:US1ORJC0100,2023-01-01T00:00:00,PRCP,0.02,",,N,0800"
GHCND:US1ORJC0104,2023-01-01T00:00:00,PRCP,0.02,",,N,0900"
GHCND:US1ORJC0105,2023-01-01T00:00:00,PRCP,0.04,",,N,0800"
GHCND:US1ORJC0109,2023-01-01T00:00:00,PRCP,0.01,",,N,0700"
GHCND:US1ORJC0111,2023-01-01T00:00:00,PRCP,0.03,",,N,0700"
GHCND:US1ORJC0116,2023-01-01T00:00:00,PRCP,0.02,",,N,0700"
GHCND:US1ORJC0117,2023-01-01T00:00:00,PRCP,0.01,",,N,0800"
GHCND:US1ORJC0119,2023-01-01T00:00:00,PRCP,0.03,",,N,0700"
GHCND:US1ORJC0122,2023-01-01T00:00:00,PRCP,0.02,",,N,0700"
GHCND:US1ORJC0122,2023-01-01T00:00:00,SNOW,0.0,",,N,0700"
GHCND:US1ORJC0122,2023-01-01T00:00:00,WESF,0.0,",,N,0700"
GHCND:US1ORJC0123,2023-01-01T00:00:00,PRCP,0.03,",,N,0700"
GHCND:US1ORJF0001,2023-01-01T00:00:00,PRCP,0.0,",,N,0700"
GHCND:US1ORJF0001,2023-01-01T00:00:00,SNOW,0.0,",,N,0700"
GHCND:US1ORJF0001,2023-01-01T00:00:00,SNWD,0.0,",,N,0700"
GHCND:US1ORJF0013,2023-01-01T00:00:00,PRCP,0.0,"T,,N,0700"
GHCND:US1ORJF0013,2023-01-01T00:00:00,SNOW,0.0,",,N,0700"
GHCND:US1ORJF0013,2023-01-01T00:00:00,SNWD,0.0,",,N,0700"
GHCND:US1ORJS0001,2023-01-01T00:00:00,PRCP,0.0,",,N,0700"
GHCND:US1ORJS0001,2023-01-01T00:00:00,SNOW,0.0,",,N,0700"
GHCND:US1ORJS0010,2023-01-01T00:00:00,PRCP,0.01,",,N,0830"
GHCND:US1ORJS0010,2023-01-01T00:00:00,SNOW,0.0,",,N,0830"
GHCND:US1ORJS0010,2023-01-01T00:00:00,SNWD,0.0,",,N,0830"
GHCND:US1ORJS0010,2023-01-01T00:00:00,WESD,0.0,",,N,0830"
GHCND:US1ORJS0010,2023-01-01T00:00:00,WESF,0.0,",,N,0830"
GHCND:US1ORJS0015,2023-01-01T00:00:00,PRCP,0.01,",,N,0700"
GHCND:US1ORJS0016,2023-01-01T00:00:00,PRCP,0.0,",,N,0700"
GHCND:US1ORJS0016,2023-01-01T00:00:00,SNOW,0.0,",,N,0700"
GHCND:US1ORJS0017,2023-01-01T00:00:00,PRCP,0.0,"T,,N,0800"
GHCND:US1ORJS0018,2023-01-01T00:00:00,PRCP,0.08,",,N,0700"
GHCND:US1ORJS0020,2023-01-01T00:00:00,PRCP,0.02,",,N,0700"
GHCND:US1ORJS0021,2023-01-01T00:00:00,PRCP,0.0,",L,N,0800"
GHCND:US1ORJS0021,2023-01-01T00:00:00,SNOW,0.0,",,N,0800"
GHCND:US1ORJS0024,2023-01-01T00:00:00,PRCP,0.0,"T,,N,0800"
GHCND:US1ORJS0025,2023-01-01T00:00:00,PRCP,0.01,",,N,0700"
GHCND:US1ORJS0025,2023-01-01T00:00:00,SNOW,0.0,",,N,0700"
GHCND:US1ORJS0025,2023-01-01T00:00:00,SNWD,0.0,",,N,0700"
GHCND:US1ORJS0029,2023-01-01T00:00:00,PRCP,0.01,",,N,0700"
GHCND:US1ORJS0030,2023-01-01T00:00:00,PRCP,0.0,",,N,0728"
GHCND:US1ORJS0030,2023-01-01T00:00:00,SNOW,0.0,",,N,0728"
GHCND:US1ORJS0033,2023-01-01T00:00:00,PRCP,0.02,",,N,0700"
GHCND:US1ORJS0033,2023-01-01T00:00:00,SNOW,0.0,",,N,0700"
GHCND:US1ORJS0035,2023-01-01T00:00:00,PRCP,0.0,",,N,0800"
GHCND:US1ORJS0035,2023-01-01T00:00:00,SNOW,0.0,",,N,0800"
GHCND:US1ORJS0036,2023-01-01T00:00:00,PRCP,0.03,",,N,0700"
GHCND:US1ORJS0041,2023-01-01T00:00:00,PRCP,0.0,"T,,N,0800"
GHCND:US1ORKL0014,2023-01-01T00:00:00,PRCP,0.0,",,N,0700"
GHCND:US1ORKL0014,2023-01-01T00:00:00,SNOW,0.0,",,N,0700"
GHCND:US1ORKL0016,2023-01-01T00:00:00,PRCP,0.0,",,N,0800"
GHCND:US1ORKL0016,2023-01-01T00:00:00,SNOW,0.0,",,N,0800"
GHCND:US1ORKL0018,2023-01-01T00:00:00,PRCP,0.0,",,N,0700"
GHCND:US1ORKL0018,2023-01-01T00:00:00,SNOW,0.0,",,N,0700"
GHCND:US1ORKL0023,2023-01-01T00:00:00,PRCP,0.0,",,N,0800"
GHCND:US1ORKL0023,2023-01-01T00:00:00,SNOW,0.0,",,N,0800"
GHCND:US1ORKL0023,2023-01-01T00:00:00,SNWD,0.0,",,N,0800"
GHCND:US1ORKL0025,2023-01-01T00:00:00,PRCP,0.01,",,N,0700"
GHCND:US1ORLA0003,2023-01-01T00:00:00,PRCP,0.03,",,N,0600"
GHCND:US1ORLA0007,2023-01-01T00:00:00,PRCP,0.07,",,N,0700"
GHCND:US1ORLA0013,2023-01-01T00:00:00,DAPR,2,",,N,0736"
GHCND:US1ORLA0013,2023-01-01T00:00:00,MDPR,0.67,",,N,0736"
GHCND:US1ORLA0024,2023-01-01T00:00:00,PRCP,0.03,",,N,0700"
GHCND:US1ORLA0026,2023-01-01T00:00:00,PRCP,0.08,",,N,0800"
GHCND:US1ORLA0031,2023-01-01T00:00:00,PRCP,0.04,",,N,0800"
GHCND:US1ORLA0036,2023-01-01T00:00:00,PRCP,0.01,",,N,1830"
GHCND:US1ORLA0038,2023-01-01T00:00:00,PRCP,0.02,",,N,0730"
GHCND:US1ORLA0054,2023-01-01T00:00:00,PRCP,0.08,",,N,0835"
GHCND:US1ORLA0055,2023-01-01T00:00:00,PRCP,0.07,",,N,0800"
GHCND:US1ORLA0065,2023-01-01T00:00:00,PRCP,0.02,",,N,0700"
GHCND:US1ORLA0065,2023-01-01T00:00:00,SNOW,0.0,",,N,0700"
GHCND:US1ORLA0065,2023-01-01T00:00:00,SNWD,0.0,",,N,0700"
GHCND:US1ORLA0065,2023-01-01T00:00:00,WESD,0.0,",,N,0700"
GHCND:US1ORLA0065,2023-01-01T00:00:00,WESF,0.0,",,N,0700"
GHCND:US1ORLA0066,2023-01-01T00:00:00,PRCP,0.04,",,N,0700"
GHCND:US1ORLA0066,2023-01-01T00:00:00,SNOW,0.0,",,N,0700"
GHCND:US1ORLA0068,2023-01-01T00:00:00,PRCP,0.07,",,N,0925"
GHCND:US1ORLA0076,2023-01-01T00:00:00,PRCP,0.03,",,N,0700"
GHCND:US1ORLA0076,2023-01-01T00:00:00,SNOW,0.0,",,N,0700"
GHCND:US1ORLA0076,2023-01-01T00:00:00,SNWD,0.0,",,N,0700"
GHCND:US1ORLA0093,2023-01-01T00:00:00,PRCP,0.03,",,N,0700"
GHCND:US1ORLA0103,2023-01-01T00:00:00,PRCP,0.17,",,N,0700"
GHCND:US1ORLA0104,2023-01-01T00:00:00,PRCP,0.03,",,N,0800"
GHCND:US1ORLA0112,2023-01-01T00:00:00,PRCP,0.02,",,N,0600"
GHCND:US1ORLA0114,2023-01-01T00:00:00,DAPR,2,",,N,1030"
GHCND:US1ORLA0114,2023-01-01T00:00:00,MDPR,0.72,",,N,1030"
GHCND:US1ORLA0116,2023-01-01T00:00:00,PRCP,0.0,",,N,1000"
GHCND:US1ORLA0116,2023-01-01T00:00:00,SNOW,0.0,",,N,1000"
GHCND:US1ORLA0118,2023-01-01T00:00:00,PRCP,0.08,",,N,0800"
GHCND:US1ORLA0121,2023-01-01T00:00:00,PRCP,0.06,",,N,0700"
GHCND:US1ORLA0122,2023-01-01T00:00:00,PRCP,0.04,",,N,0600"
GHCND:US1ORLA0126,2023-01-01T00:00:00,PRCP,0.06,",,N,0800"
GHCND:US1ORLA0126,2023-01-01T00:00:00,SNOW,0.0,",,N,0800"
GHCND:US1ORLA0126,2023-01-01T00:00:00,WESF,0.0,",,N,0800"
GHCND:US1ORLA0127,2023-01-01T00:00:00,PRCP,0.01,",,N,0700"
GHCND:US1ORLA0129,2023-01-01T00:00:00,PRCP,0.07,",,N,0800"
GHCND:US1ORLA0130,2023-01-01T00:00:00,PRCP,0.04,",,N,0800"
GHCND:US1ORLA0167,2023-01-01T00:00:00,PRCP,0.09,",,N,0738"
GHCND:US1ORLA0171,2023-01-01T00:00:00,PRCP,0.07,",,N,0700"
GHCND:US1ORLA0179,2023-01-01T00:00:00,PRCP,0.11,",,N,0700"
GHCND:US1ORLA0180,2023-01-01T00:00:00,PRCP,0.08,",,N,0700"
GHCND:US1ORLA0186,2023-01-01T00:00:00,PRCP,0.07,",,N,0800"
GHCND:US1ORLA0190,2023-01-01T00:00:00,PRCP,0.11,",,N,0815"
GHCND:US1ORLA0193,2023-01-01T00:00:00,PRCP,0.04,",,N,0930"
GHCND:US1ORLA0198,2023-01-01T00:00:00,PRCP,0.13,",,N,0700"
GHCND:US1ORLA0200,2023-01-01T00:00:00,PRCP,0.07,",,N,0654"
GHCND:US1ORLA0208,2023-01-01T00:00:00,PRCP,0.07,",,N,0700"
GHCND:US1ORLA0209,2023-01-01T00:00:00,PRCP,0.12,",,N,0721"
GHCND:US1ORLA0210,2023-01-01T00:00:00,PRCP,0.15,",,N,0800"
GHCND:US1ORLA0212,2023-01-01T00:00:00,PRCP,0.05,",,N,0700"
GHCND:US1ORLA0214,2023-01-01T00:00:00,PRCP,0.09,",,N,0700"
GHCND:US1ORLA0219,2023-01-01T00:00:00,PRCP,0.07,",,N,0800"
GHCND:US1ORLA0219,2023-01-01T00:00:00,SNOW,0.0,",,N,0800"
GHCND:US1ORLA0219,2023-01-01T00:00:00,SNWD,0.0,",,N,0800"
GHCND:US1ORLA0220,2023-01-01T00:00:00,PRCP,0.05,",,N,0800"
GHCND:US1ORLA0222,2023-01-01T00:00:00,PRCP,0.08,",,N,0800"
GHCND:US1ORLA0224,2023-01-01T00:00:00,DAPR,2,",,N,0745"
GHCND:US1ORLA0224,2023-01-01T00:00:00,MDPR,0.67,",,N,0745"
GHCND:US1ORLA0235,2023-01-01T00:00:00,PRCP,0.1,",,N,0700"
GHCND:US1ORLA0236,2023-01-01T00:00:00,PRCP,0.12,",,N,0700"
GHCND:US1ORLA0238,2023-01-01T00:00:00,PRCP,0.02,",,N,0745"
GHCND:US1ORLA0238,2023-01-01T00:00:00,SNOW,0.0,",,N,0745"
GHCND:US1ORLA0238,2023-01-01T00:00:00,WESF,0.0,",,N,0745"
GHCND:US1ORLA0241,2023-01-01T00:00:00,PRCP,0.07,",,N,0800"
GHCND:US1ORLC0001,2023-01-01T00:00:00,PRCP,0.04,",,N,0700"
GHCND:US1ORLC0002,2023-01-01T00:00:00,PRCP,0.19,",,N,0700"
GHCND:US1ORLC0007,2023-01-01T00:00:00,PRCP,0.14,",,N,0800"
GHCND:US1ORLC0015,2023-01-01T00:00:00,PRCP,0.1,",,N,0800"
GHCND:US1ORLC0026,2023-01-01T00:00:00,PRCP,0.18,",,N,0800"
GHCND:US1ORLC0027,2023-01-01T00:00:00,PRCP,0.14,",,N,0700"
GHCND:US1ORLC0029,2023-01-01T00:00:00,PRCP,0.1,",,N,0700"
GHCND:US1ORLC0034,2023-01-01T00:00:00,PRCP,0.14,",,N,0700"
GHCND:US1ORLC0036,2023-01-01T00:00:00,PRCP,0.05,",,N,0800"
GHCND:US1ORLC0036,2023-01-01T00:00:00,SNOW,0.0,",,N,0800"
GHCND:US1ORLC0036,2023-01-01T00:00:00,WESF,0.0,",,N,0800"
GHCND:US1ORLC0037,2023-01-01T00:00:00,PRCP,0.73,",,N,1000"
GHCND:US1ORLC0039,2023-01-01T00:00:00,PRCP,0.75,",,N,0800"
GHCND:US1ORLC0040,2023-01-01T00:00:00,PRCP,0.23,",,N,0700"
GHCND:US1ORLC0041,2023-01-01T00:00:00,PRCP,0.12,",,N,0800"
GHCND:US1ORLC0044,2023-01-01T00:00:00,PRCP,0.0,",,N,0700"
GHCND:US1ORLC0046,2023-01-01T00:00:00,DAPR,2,",,N,1000"
GHCND:US1ORLC0046,2023-01-01T00:00:00,MDPR,0.69,",,N,1000"
GHCND:US1ORLN0001,2023-01-01T00:00:00,PRCP,0.11,",,N,0700"
GHCND:US1ORLN0001,2023-01-01T00:00:00,SNOW,0.0,",,N,0700"
GHCND:US1ORLN0001,2023-01-01T00:00:00,SNWD,0.0,",,N,0700"
GHCND:US1ORLN0001,2023-01-01T00:00:00,WESD,0.0,",,N,0700"
GHCND:US1ORLN0001,2023-01-01T00:00:00,WESF,0.0,",,N,0700"
GHCND:US1ORLN0003,2023-01-01T00:00:00,PRCP,0.2,",,N,0800"
GHCND:US1ORLN0003,2023-01-01T00:00:00,SNOW,0.0,",,N,0800"
GHCND:US1ORLN0003,2023-01-01T00:00:00,SNWD,0.0,",,N,0800"
GHCND:US1ORLN0004,2023-01-01T00:00:00,PRCP,0.11,",,N,0700"
GHCND:US1ORLN0006,2023-01-01T00:00:00,PRCP,0.04,",,N,0800"
GHCND:US1ORLN0007,2023-01-01T00:00:00,PRCP,0.08,",,N,0800"
GHCND:US1ORLN0007,2023-01-01T00:00:00,SNOW,0.0,",,N,0800"
GHCND:US1ORLN0008,2023-01-01T00:00:00,PRCP,0.2,",,N,0619"
GHCND:US1ORLN0012,2023-01-01T00:00:00,PRCP,0.12,",,N,0700"
GHCND:US1ORLN0016,2023-01-01T00:00:00,PRCP,0.05,",,N,0646"
GHCND:US1ORLN0016,2023-01-01T00:00:00,SNOW,0.0,",,N,0646"
GHCND:US1ORLN0016,2023-01-01T00:00:00,SNWD,0.0,",,N,0646"
GHCND:US1ORLN0016,2023-01-01T00:00:00,WESD,0.0,",,N,0646"
GHCND:US1ORLN0016,2023-01-01T00:00:00,WESF,0.0,",,N,0646"
GHCND:US1ORLN0020,2023-01-01T00:00:00,PRCP,0.1,",,N,0800"
GHCND:US1ORLN0020,2023-01-01T00:00:00,SNOW,0.0,",,N,0800"
GHCND:US1ORLN0030,2023-01-01T00:00:00,PRCP,0.02,",,N,0700"
GHCND:US1ORLN0032,2023-01-01T00:00:00,PRCP,0.13,",,N,0800"
GHCND:US1ORLN0034,2023-01-01T00:00:00,PRCP,0.1,",,N,0700"
GHCND:US1ORLN0042,2023-01-01T00:00:00,PRCP,0.2,",,N,0700"
GHCND:US1ORLN0042,2023-01-01T00:00:00,SNOW,0.0,",,N,0700"
GHCND:US1ORLN0042,2023-01-01T00:00:00,SNWD,0.0,",,N,0700"
GHCND:US1ORLN0042,2023-01-01T00:00:00,WESD,0.0,",,N,0700"
GHCND:US1ORLN0042,2023-01-01T00:00:00,WESF,0.0,",,N,0700"
GHCND:US1ORLN0043,2023-01-01T00:00:00,PRCP,0.16,",,N,0745"
GHCND:US1ORLN0044,2023-01-01T00:00:00,PRCP,0.18,",,N,0700"
GHCND:US1ORLN0047,2023-01-01T00:00:00,PRCP,0.21,",,N,0805"
GHCND:US1ORLN0050,2023-01-01T00:00:00,PRCP,0.15,",,N,0800"
GHCND:US1ORLN0054,2023-01-01T00:00:00,PRCP,0.24,",,N,0842"
GHCND:US1ORLN0055,2023-01-01T00:00:00,PRCP,0.11,",,N,0730"
GHCND:US1ORLN0056,2023-01-01T00:00:00,PRCP,0.09,",,N,0900"
GHCND:US1ORLN0057,2023-01-01T00:00:00,PRCP,0.04,",,N,0700"
GHCND:US1ORLN0058,2023-01-01T00:00:00,PRCP,0.1,",,N,0837"
GHCND:US1ORLN0062,2023-01-01T00:00:00,PRCP,0.09,",,N,0645"
GHCND:US1ORLN0062,2023-01-01T00:00:00,SNOW,0.0,",,N,0645"
GHCND:US1ORLN0062,2023-01-01T00:00:00,SNWD,0.0,",,N,0645"
GHCND:US1ORLN0062,2023-01-01T00:00:00,WESD,0.0,",,N,0645"
GHCND:US1ORLN0062,2023-01-01T00:00:00,WESF,0.0,",,N,0645"
GHCND:US1ORLN0064,2023-01-01T00:00:00,PRCP,0.1,",,N,0800"
GHCND:US1ORLN0065,2023-01-01T00:00:00,PRCP,0.2,",,N,0800"
GHCND:US1ORLN0068,2023-01-01T00:00:00,PRCP,0.06,",,N,0730"
GHCND:US1ORLN0070,2023-01-01T00:00:00,PRCP,0.07,",,N,0700"
GHCND:US1ORLN0072,2023-01-01T00:00:00,DAPR,2,",,N,0900"
GHCND:US1ORLN0072,2023-01-01T00:00:00,MDPR,0.62,",,N,0900"
GHCND:US1ORLN0073,2023-01-01T00:00:00,PRCP,0.07,",,N,0700"
GHCND:US1ORLN0075,2023-01-01T00:00:00,PRCP,0.16,",,N,0700"
GHCND:US1ORLN0076,2023-01-01T00:00:00,PRCP,0.11,",,N,0700"
GHCND:US1ORLN0078,2023-01-01T00:00:00,DAPR,11,",,N,0830"
GHCND:US1ORLN0078,2023-01-01T00:00:00,MDPR,4.04,",,N,0830"
GHCND:US1ORLN0079,2023-01-01T00:00:00,PRCP,0.18,",,N,0930"
GHCND:US1ORLN0081,2023-01-01T00:00:00,PRCP,0.14,",,N,0900"
GHCND:US1ORLN0087,2023-01-01T00:00:00,DAPR,3,",L,N,0800"
GHCND:US1ORLN0087,2023-01-01T00:00:00,MDPR,0.77,",L,N,0800"
GHCND:US1ORLN0090,2023-01-01T00:00:00,PRCP,0.19,",,N,0545"
GHCND:US1ORLN0091,2023-01-01T00:00:00,PRCP,0.12,",,N,0700"
GHCND:US1ORLN0092,2023-01-01T00:00:00,PRCP,0.15,",,N,0800"
GHCND:US1ORLN0093,2023-01-01T00:00:00,PRCP,0.12,",,N,0920"
GHCND:US1ORLN0095,2023-01-01T00:00:00,PRCP,0.07,",,N,0848"
GHCND:US1ORLN0095,2023-01-01T00:00:00,SNOW,0.0,",,N,0848"
GHCND:US1ORLN0095,2023-01-01T00:00:00,WESF,0.0,",,N,0848"
GHCND:US1ORLN0096,2023-01-01T00:00:00,PRCP,0.04,",,N,0700"
GHCND:US1ORLN0099,2023-01-01T00:00:00,PRCP,0.15,",,N,0800"
GHCND:US1ORMN0008,2023-01-01T00:00:00,PRCP,0.23,",,N,0854"
GHCND:US1ORMN0016,2023-01-01T00:00:00,PRCP,0.13,",,N,0700"
GHCND:US1ORMN0016,2023-01-01T00:00:00,SNOW,0.0,",,N,0700"
GHCND:US1ORMN0016,2023-01-01T00:00:00,SNWD,0.0,",,N,0700"
GHCND:US1ORMN0016,2023-01-01T00:00:00,WESD,0.0,",,N,0700"
GHCND:US1ORMN0016,2023-01-01T00:00:00,WESF,0.0,",,N,0700"
GHCND:US1ORMN0026,2023-01-01T00:00:00,PRCP,0.48,",,N,0700"
GHCND:US1ORMN0037,2023-01-01T00:00:00,PRCP,0.16,",,N,0800"
GHCND:US1ORMN0044,2023-01-01T00:00:00,DAPR,2,",,N,0925"
GHCND:US1ORMN0044,2023-01-01T00:00:00,MDPR,0.52,",,N,0925"
GHCND:US1ORMN0044,2023-01-01T00:00:00,SNWD,0.0,",,N,0925"
GHCND:US1ORMN0044,2023-01-01T00:00:00,WESD,0.0,",,N,0925"
GHCND:US1ORMN0047,2023-01-01T00:00:00,PRCP,0.1,",,N,0800"
GHCND:US1ORMN0049,2023-01-01T00:00:00,PRCP,0.09,",,N,0800"
GHCND:US1ORMN0050,2023-01-01T00:00:00,PRCP,0.2,",,N,0800"
GHCND:US1ORMN0058,2023-01-01T00:00:00,PRCP,0.18,",,N,0815"
GHCND:US1ORMN0060,2023-01-01T00:00:00,PRCP,0.22,",,N,0800"
GHCND:US1ORMN0061,2023-01-01T00:00:00,PRCP,0.24,",,N,0700"
GHCND:US1ORMN0078,2023-01-01T00:00:00,PRCP,0.41,",,N,0800"
GHCND:US1ORMN0082,2023-01-01T00:00:00,PRCP,0.21,",,N,0530"
GHCND:US1ORMN0083,2023-01-01T00:00:00,PRCP,0.22,",,N,0700"
GHCND:US1ORMN0085,2023-01-01T00:00:00,PRCP,0.19,",,N,0830"
GHCND:US1ORMN0085,2023-01-01T00:00:00,SNOW,0.0,",,N,0830"
GHCND:US1ORMN0085,2023-01-01T00:00:00,SNWD,0.0,",,N,0830"
GHCND:US1ORMN0085,2023-01-01T00:00:00,WESD,0.0,",,N,0830"
GHCND:US1ORMN0085,2023-01-01T00:00:00,WESF,0.0,",,N,0830"
GHCND:US1ORMN0088,2023-01-01T00:00:00,PRCP,0.0,",,N,1000"
GHCND:US1ORMN0088,2023-01-01T00:00:00,SNOW,0.0,",,N,1000"
GHCND:US1ORMN0089,2023-01-01T00:00:00,PRCP,0.02,",,N,0800"
GHCND:US1ORMN0090,2023-01-01T00:00:00,PRCP,0.16,",,N,0900"
GHCND:US1ORMN0093,2023-01-01T00:00:00,PRCP,0.1,",,N,0600"
GHCND:US1ORMT0006,2023-01-01T00:00:00,PRCP,0.03,",,N,0830"
GHCND:US1ORMT0006,2023-01-01T00:00:00,SNOW,0.0,",,N,0830"
GHCND:US1ORMT0006,2023-01-01T00:00:00,SNWD,0.0,",,N,0830"
GHCND:US1ORMT0006,2023-01-01T00:00:00,WESD,0.0,",,N,0830"
GHCND:US1ORMT0006,2023-01-01T00:00:00,WESF,0.0,",,N,0830"
GHCND:US1ORMT0020,2023-01-01T00:00:00,PRCP,0.12,",,N,0600"
GHCND:US1ORMT0024,2023-01-01T00:00:00,PRCP,0.03,",,N,0710"
GHCND:US1ORMT0033,2023-01-01T00:00:00,PRCP,0.06,",,N,0600"
GHCND:US1ORMT0033,2023-01-01T00:00:00,SNOW,0.0,",,N,0600"
GHCND:US1ORMT0033,2023-01-01T00:00:00,SNWD,0.0,",,N,0600"
GHCND:US1ORMT0033,2023-01-01T00:00:00,WESD,0.0,",,N,0600"
GHCND:US1ORMT0033,2023-01-01T00:00:00,WESF,0.0,",,N,0600"
GHCND:US1ORMT0082,2023-01-01T00:00:00,PRCP,0.02,",,N,0700"
GHCND:US1ORMT0089,2023-01-01T00:00:00,PRCP,0.04,",,N,0800"
GHCND:US1ORMT0089,2023-01-01T00:00:00,SNOW,0.0,",,N,0800"
GHCND:US1ORMT0099,2023-01-01T00:00:00,PRCP,0.0,",,N,0700"
GHCND:US1ORMT0099,2023-01-01T00:00:00,SNOW,0.0,",,N,0700"
GHCND:US1ORMT0114,2023-01-01T00:00:00,DAPR,7,",,N,0800"
GHCND:US1ORMT0114,2023-01-01T00:00:00,MDPR,4.25,",,N,0800"
GHCND:US1ORMT0114,2023-01-01T00:00:00,SNWD,0.0,",,N,0800"
GHCND:US1ORMT0114,2023-01-01T00:00:00,WESD,0.0,",,N,0800"
GHCND:US1ORMT0116,2023-01-01T00:00:00,PRCP,0.02,",,N,0645"
GHCND:US1ORMT0122,2023-01-01T00:00:00,PRCP,0.04,",,N,0700"
GHCND:US1ORMT0123,2023-01-01T00:00:00,PRCP,0.03,",,N,0700"
GHCND:US1ORMT0126,2023-01-01T00:00:00,PRCP,0.07,",,N,1030"
GHCND:US1ORMT0126,2023-01-01T00:00:00,SNOW,0.0,",,N,1030"
GHCND:US1ORMT0126,2023-01-01T00:00:00,SNWD,0.0,",,N,1030"
GHCND:US1ORMT0127,2023-01-01T00:00:00,PRCP,0.08,",,N,0700"
GHCND:US1ORMT0128,2023-01-01T00:00:00,PRCP,0.02,",,N,0720"
GHCND:US1ORMT0131,2023-01-01T00:00:00,PRCP,0.03,",,N,0900"
GHCND:US1ORMT0137,2023-01-01T00:00:00,PRCP,0.05,",,N,0700"
GHCND:US1ORMT0143,2023-01-01T00:00:00,DAPR,13,",,N,0930"
GHCND:US1ORMT0143,2023-01-01T00:00:00,MDPR,6.1,",,N,0930"
GHCND:US1ORMT0144,2023-01-01T00:00:00,PRCP,0.03,",,N,0700"
GHCND:US1ORMT0145,2023-01-01T00:00:00,PRCP,0.04,",,N,0700"
GHCND:US1ORMT0146,2023-01-01T00:00:00,PRCP,0.06,",,N,0800"
GHCND:US1ORPK0015,2023-01-01T00:00:00,PRCP,0.26,",,N,0700"
GHCND:US1ORPK0024,2023-01-01T00:00:00,PRCP,0.39,",,N,0700"
GHCND:US1ORPK0031,2023-01-01T00:00:00,PRCP,0.11,",,N,0630"
GHCND:US1ORPK0031,2023-01-01T00:00:00,SNOW,0.0,",,N,0630"
GHCND:US1ORPK0031,2023-01-01T00:00:00,SNWD,0.0,",,N,0630"
GHCND:US1ORPK0031,2023-01-01T00:00:00,WESD,0.0,",,N,0630"
GHCND:US1ORPK0031,2023-01-01T00:00:00,WESF,0.0,",,N,0630"
GHCND:US1ORPK0033,2023-01-01T00:00:00,PRCP,0.16,",,N,0700"
GHCND:US1ORPK0035,2023-01-01T00:00:00,PRCP,0.33,",,N,0700"
GHCND:US1ORPK0042,2023-01-01T00:00:00,PRCP,0.33,",,N,0655"
GHCND:US1ORPK0042,2023-01-01T00:00:00,SNOW,0.0,",,N,0655"
GHCND:US1ORPK0042,2023-01-01T00:00:00,SNWD,0.0,",,N,0655"
GHCND:US1ORPK0042,2023-01-01T00:00:00,WESD,0.0,",,N,0655"
GHCND:US1ORPK0042,2023-01-01T00:00:00,WESF,0.0,",,N,0655"
GHCND:US1ORPK0048,2023-01-01T00:00:00,PRCP,0.16,",,N,0800"
GHCND:US1ORTL0001,2023-01-01T00:00:00,PRCP,0.1,",,N,0800"
GHCND:US1ORTL0008,2023-01-01T00:00:00,PRCP,0.23,",,N,0700"
GHCND:US1ORTL0010,2023-01-01T00:00:00,PRCP,0.13,",,N,0700"
GHCND:US1ORUM0011,2023-01-01T00:00:00,PRCP,0.0,",,N,0700"
GHCND:US1ORUM0011,2023-01-01T00:00:00,SNOW,0.0,",,N,0700"
GHCND:US1ORUM0011,2023-01-01T00:00:00,SNWD,0.0,",,N,0700"
GHCND:US1ORUM0011,2023-01-01T00:00:00,WESF,0.0,",,N,0700"
GHCND:US1ORUM0014,2023-01-01T00:00:00,PRCP,0.0,",,N,0700"
GHCND:US1ORUM0014,2023-01-01T00:00:00,SNOW,0.0,",,N,0700"
GHCND:US1ORUM0027,2023-01-01T00:00:00,PRCP,0.0,",,N,0735"
GHCND:US1ORUM0027,2023-01-01T00:00:00,SNOW,0.0,",,N,0735"
GHCND:US1ORUM0027,2023-01-01T00:00:00,SNWD,0.0,",,N,0735"
GHCND:US1ORUM0027,2023-01-01T00:00:00,WESD,0.0,",,N,0735"
GHCND:US1ORUM0027,2023-01-01T00:00:00,WESF,0.0,",,N,0735"
GHCND:US1ORUM0034,2023-01-01T00:00:00,PRCP,0.0,",,N,0600"
GHCND:US1ORUM0034,2023-01-01T00:00:00,SNOW,0.0,",,N,0600"
GHCND:US1ORUN0001,2023-01-01T00:00:00,PRCP,0.03,",,N,0840"
GHCND:US1ORUN0001,2023-01-01T00:00:00,SNOW,0.0,"T,,N,0840"
GHCND:US1ORUN0001,2023-01-01T00:00:00,SNWD,11.0,",,N,0840"
GHCND:US1ORUN0005,2023-01-01T00:00:00,PRCP,0.0,"T,,N,0700"
GHCND:US1ORUN0009,2023-01-01T00:00:00,PRCP,0.05,",,N,0700"
GHCND:US1ORWL0001,2023-01-01T00:00:00,PRCP,0.0,",,N,0755"
GHCND:US1ORWL0001,2023-01-01T00:00:00,SNOW,0.0,",,N,0755"
GHCND:US1ORWL0001,2023-01-01T00:00:00,WESF,0.0,",,N,0755"
GHCND:US1ORWL0006,2023-01-01T00:00:00,PRCP,0.0,"T,,N,0600"
GHCND:US1ORWL0006,2023-01-01T00:00:00,SNOW,0.0,"T,,N,0600"
GHCND:US1ORWL0006,2023-01-01T00:00:00,SNWD,1.5,",,N,0600"
GHCND:US1ORWL0009,2023-01-01T00:00:00,PRCP,0.0,"T,,N,0800"
GHCND:US1ORWL0009,2023-01-01T00:00:00,SNOW,0.0,"T,,N,0800"
GHCND:US1ORWL0009,2023-01-01T00:00:00,SNWD,2.0,",,N,0800"
GHCND:US1ORWL0010,2023-01-01T00:00:00,PRCP,0.0,"T,,N,0730"
GHCND:US1ORWL0010,2023-01-01T00:00:00,SNOW,0.0,"T,,N,0730"
GHCND:US1ORWL0010,2023-01-01T00:00:00,SNWD,8.5,",,N,0730"
GHCND:US1ORWS0002,2023-01-01T00:00:00,PRCP,0.06,",,N,0700"
GHCND:US1ORWS0005,2023-01-01T00:00:00,PRCP,0.03,",,N,1000"
GHCND:US1ORWS0007,2023-01-01T00:00:00,PRCP,0.03,",,N,0700"
GHCND:US1ORWS0007,2023-01-01T00:00:00,SNOW,0.0,",,N,0700"
GHCND:US1ORWS0007,2023-01-01T00:00:00,SNWD,0.0,",,N,0700"
GHCND:US1ORWS0007,2023-01-01T00:00:00,WESD,0.0,",,N,0700"
GHCND:US1ORWS0007,2023-01-01T00:00:00,WESF,0.0,",,N,0700"
GHCND:US1ORWS0032,2023-01-01T00:00:00,PRCP,0.08,",,N,0700"
GHCND:US1ORWS0075,2023-01-01T00:00:00,PRCP,0.0,",,N,2300"
GHCND:US1ORWS0075,2023-01-01T00:00:00,SNOW,0.0,",,N,2300"
GHCND:US1ORWS0081,2023-01-01T00:00:00,PRCP,0.02,",,N,0800"
GHCND:US1ORWS0096,2023-01-01T00:00:00,PRCP,0.09,",,N,0620"
GHCND:US1ORWS0097,2023-01-01T00:00:00,PRCP,0.1,",,N,0800"
GHCND:US1ORWS0105,2023-01-01T00:00:00,PRCP,0.1,",,N,0700"
GHCND:US1ORWS0114,2023-01-01T00:00:00,PRCP,0.03,",,N,0700"
GHCND:US1ORWS0124,2023-01-01T00:00:00,PRCP,0.07,",,N,0700"
GHCND:US1ORWS0124,2023-01-01T00:00:00,SNOW,0.0,",,N,0700"
GHCND:US1ORWS0124,2023-01-01T00:00:00,SNWD,0.0,",,N,0700"
GHCND:US1ORWS0124,2023-01-01T00:00:00,WESD,0.0,",,N,0700"
GHCND:US1ORWS0124,2023-01-01T00:00:00,WESF,0.0,",,N,0700"
GHCND:US1ORWS0127,2023-01-01T00:00:00,PRCP,0.03,",,N,0700"
GHCND:US1ORWS0134,2023-01-01T00:00:00,PRCP,0.19,",,N,0700"
GHCND:US1ORWS0138,2023-01-01T00:00:00,PRCP,0.06,",,N,0800"
GHCND:US1ORWS0140,2023-01-01T00:00:00,PRCP,0.22,",,N,0800"
GHCND:US1ORWS0144,2023-01-01T00:00:00,PRCP,0.04,",,N,0800"
GHCND:US1ORWS0145,2023-01-01T00:00:00,PRCP,0.05,",,N,0800"
GHCND:US1ORWS0151,2023-01-01T00:00:00,PRCP,0.09,",,N,0800"
GHCND:US1ORWS0152,2023-01-01T00:00:00,PRCP,0.13,",,N,0800"
GHCND:US1ORWS0153,2023-01-01T00:00:00,PRCP,0.04,",,N,0800"
GHCND:US1ORWS0153,2023-01-01T00:00:00,SNOW,0.0,",,N,0800"
GHCND:US1ORWS0153,2023-01-01T00:00:00,WESF,0.0,",,N,0800"
GHCND:US1ORWS0154,2023-01-01T00:00:00,PRCP,0.12,",,N,0700"
GHCND:US1ORWS0155,2023-01-01T00:00:00,PRCP,0.21,",,N,0700"
GHCND:US1ORWS0157,2023-01-01T00:00:00,PRCP,0.3,",,N,0900"
GHCND:US1ORWS0162,2023-01-01T00:00:00,DAPR,3,",,N,0800"
GHCND:US1ORWS0162,2023-01-01T00:00:00,MDPR,0.76,",,N,0800"
GHCND:US1ORWS0163,2023-01-01T00:00:00,PRCP,0.0,",,N,0700"
GHCND:US1ORWS0163,2023-01-01T00:00:00,SNOW,0.0,",,N,0700"
GHCND:US1ORWS0164,2023-01-01T00:00:00,PRCP,0.07,",,N,0700"
GHCND:US1ORWS0165,2023-01-01T00:00:00,PRCP,0.05,",,N,0700"
GHCND:US1ORWS0166,2023-01-01T00:00:00,PRCP,0.05,",,N,0700"
GHCND:US1ORWS0170,2023-01-01T00:00:00,PRCP,0.1,",,N,0800"
GHCND:US1ORYM0004,2023-01-01T00:00:00,PRCP,0.11,",,N,0800"
GHCND:US1ORYM0005,2023-01-01T00:00:00,PRCP,0.21,",,N,0700"
GHCND:US1ORYM0007,2023-01-01T00:00:00,PRCP,0.09,",,N,0700"
GHCND:US1ORYM0008,2023-01-01T00:00:00,PRCP,0.13,",,N,0700"
GHCND:US1ORYM0009,2023-01-01T00:00:00,PRCP,0.32,",,N,0800"
GHCND:US1ORYM0013,2023-01-01T00:00:00,PRCP,0.15,",,N,0700"
GHCND:US1ORYM0017,2023-01-01T00:00:00,PRCP,0.28,",,N,0700"
GHCND:US1ORYM0019,2023-01-01T00:00:00,PRCP,0.15,",,N,0600"
GHCND:US1ORYM0025,2023-01-01T00:00:00,PRCP,0.08,",,N,0938"
GHCND:US1ORYM0031,2023-01-01T00:00:00,PRCP,0.17,",,N,0700"
GHCND:US1ORYM0032,2023-01-01T00:00:00,PRCP,0.12,",,N,0700"
GHCND:US1ORYM0034,2023-01-01T00:00:00,PRCP,0.13,",,N,0815"
GHCND:USC00264935,2023-01-01T00:00:00,PRCP,0.0,",,7,2100"
GHCND:USC00264935,2023-01-01T00:00:00,SNOW,0.0,",,7,"
GHCND:USC00264935,2023-01-01T00:00:00,SNWD,0.0,",,7,2100"
GHCND:USC00264935,2023-01-01T00:00:00,TMAX,40.0,",,7,2100"
GHCND:USC00264935,2023-01-01T00:00:00,TMIN,23.0,",,7,2100"
GHCND:USC00264935,2023-01-01T00:00:00,TOBS,24.0,",,7,2100"
GHCND:USC00350036,2023-01-01T00:00:00,PRCP,0.0,",,7,0600"
GHCND:USC00350036,2023-01-01T00:00:00,SNOW,0.0,",,7,"
GHCND:USC00350036,2023-01-01T00:00:00,SNWD,0.0,",,7,0600"
GHCND:USC00350036,2023-01-01T00:00:00,TMAX,47.0,",,7,0600"
GHCND:USC00350036,2023-01-01T00:00:00,TMIN,27.0,",,7,0600"
GHCND:USC00350036,2023-01-01T00:00:00,TOBS,31.0,",,7,0600"
GHCND:USC00350118,2023-01-01T00:00:00,TMAX,36.0,",,7,0600"
GHCND:USC00350118,2023-01-01T00:00:00,TMIN,15.0,",,7,0600"
GHCND:USC00350145,2023-01-01T00:00:00,PRCP,0.17,",,7,0800"
GHCND:USC00350145,2023-01-01T00:00:00,SNOW,0.0,",,7,"
GHCND:USC00350145,2023-01-01T00:00:00,SNWD,0.0,",,7,"
GHCND:USC00350145,2023-01-01T00:00:00,TMAX,48.0,",,7,0800"
GHCND:USC00350145,2023-01-01T00:00:00,TMIN,36.0,",,7,0800"
GHCND:USC00350197,2023-01-01T00:00:00,PRCP,0.0,",,7,0700"
GHCND:USC00350197,2023-01-01T00:00:00,SNOW,0.0,",,7,"
GHCND:USC00350197,2023-01-01T00:00:00,SNWD,0.0,",,7,0700"
GHCND:USC00350197,2023-01-01T00:00:00,TMAX,42.0,",,7,0700"
GHCND:USC00350197,2023-01-01T00:00:00,TMIN,27.0,",,7,0700"
GHCND:USC00350197,2023-01-01T00:00:00,TOBS,29.0,",,7,0700"
GHCND:USC00350265,2023-01-01T00:00:00,PRCP,0.0,",,7,0800"
GHCND:USC00350265,2023-01-01T00:00:00,SNOW,0.0,",,7,"
GHCND:USC00350265,2023-01-01T00:00:00,SNWD,0.0,",,7,0800"
GHCND:USC00350265,2023-01-01T00:00:00,TMAX,48.0,",,7,0800"
GHCND:USC00350265,2023-01-01T00:00:00,TMIN,27.0,",,7,0800"
GHCND:USC00350265,2023-01-01T00:00:00,TOBS,30.0,",,7,0800"
GHCND:USC00350304,2023-01-01T00:00:00,PRCP,0.03,",,7,0700"
GHCND:USC00350304,2023-01-01T00:00:00,SNOW,0.0,",,7,"
GHCND:USC00350304,2023-01-01T00:00:00,SNWD,0.0,",,7,"
GHCND:USC00350304,2023-01-01T00:00:00,TMAX,47.0,",,7,0700"
GHCND:USC00350304,2023-01-01T00:00:00,TMIN,35.0,",,7,0700"
GHCND:USC00350304,2023-01-01T00:00:00,TOBS,35.0,",,7,0700"
GHCND:USC00350471,2023-01-01T00:00:00,SNOW,0.0,",,7,"
GHCND:USC00350471,2023-01-01T00:00:00,SNWD,0.0,",,7,"
GHCND:USC00350501,2023-01-01T00:00:00,PRCP,0.0,",,7,1700"
GHCND:USC00350501,2023-01-01T00:00:00,SNOW,0.0,",,7,"
GHCND:USC00350501,2023-01-01T00:00:00,SNWD,0.0,",,7,1700"
GHCND:USC00350501,2023-01-01T00:00:00,TMAX,39.0,",,7,1700"
GHCND:USC00350501,2023-01-01T00:00:00,TMIN,17.0,",,7,1700"
GHCND:USC00350501,2023-01-01T00:00:00,TOBS,29.0,",,7,1700"
GHCND:USC00350501,2023-01-01T00:00:00,WT01,1,",,7,"
GHCND:USC00350652,2023-01-01T00:00:00,PRCP,0.0,",,7,0630"
GHCND:USC00350652,2023-01-01T00:00:00,SNOW,0.0,",,7,"
GHCND:USC00350652,2023-01-01T00:00:00,SNWD,7.0,",,7,0630"
GHCND:USC00350652,2023-01-01T00:00:00,TMAX,37.0,",,7,0630"
GHCND:USC00350652,2023-01-01T00:00:00,TMIN,27.0,",,7,0630"
GHCND:USC00350699,2023-01-01T00:00:00,PRCP,0.0,",,7,0900"
GHCND:USC00350699,2023-01-01T00:00:00,SNOW,0.0,",,7,"
GHCND:USC00350699,2023-01-01T00:00:00,SNWD,0.0,",,7,0900"
GHCND:USC00350699,2023-01-01T00:00:00,TMAX,40.0,",,7,0900"
GHCND:USC00350699,2023-01-01T00:00:00,TMIN,26.0,",,7,0900"
GHCND:USC00350699,2023-01-01T00:00:00,TOBS,29.0,",,7,0900"
GHCND:USC00350858,2023-01-01T00:00:00,PRCP,0.0,",,7,0900"
GHCND:USC00350858,2023-01-01T00:00:00,SNOW,0.0,",,7,"
GHCND:USC00350858,2023-01-01T00:00:00,SNWD,0.0,",,7,0900"
GHCND:USC00350858,2023-01-01T00:00:00,TMAX,52.0,",,7,0900"
GHCND:USC00350858,2023-01-01T00:00:00,TMIN,28.0,",,7,0900"
GHCND:USC00350858,2023-01-01T00:00:00,TOBS,31.0,",,7,0900"
GHCND:USC00350897,2023-01-01T00:00:00,PRCP,0.11,",,7,0700"
GHCND:USC00350897,2023-01-01T00:00:00,SNOW,0.0,",,7,"
GHCND:USC00350897,2023-01-01T00:00:00,SNWD,0.0,",,7,"
GHCND:USC00350897,2023-01-01T00:00:00,TMAX,47.0,",,7,0700"
GHCND:USC00350897,2023-01-01T00:00:00,TMIN,38.0,",,7,0700"
GHCND:USC00350897,2023-01-01T00:00:00,TOBS,38.0,",,7,0700"
GHCND:USC00351055,2023-01-01T00:00:00,PRCP,0.0,",,7,0700"
GHCND:USC00351055,2023-01-01T00:00:00,SNOW,0.0,",,7,"
GHCND:USC00351055,2023-01-01T00:00:00,SNWD,0.0,",,7,0700"
GHCND:USC00351055,2023-01-01T00:00:00,TMAX,54.0,",,7,0700"
GHCND:USC00351055,2023-01-01T00:00:00,TMIN,39.0,",,7,0700"
GHCND:USC00351055,2023-01-01T00:00:00,TOBS,49.0,",,7,0700"
GHCND:USC00351407,2023-01-01T00:00:00,PRCP,0.04,",,7,0800"
GHCND:USC00351407,2023-01-01T00:00:00,SNOW,0.0,",,7,"
GHCND:USC00351407,2023-01-01T00:00:00,SNWD,0.0,",,7,"
GHCND:USC00351407,2023-01-01T00:00:00,TMAX,46.0,",,7,0800"
GHCND:USC00351407,2023-01-01T00:00:00,TMIN,38.0,",,7,0800"
GHCND:USC00351407,2023-01-01T00:00:00,TOBS,38.0,",,7,0800"
GHCND:USC00351574,2023-01-01T00:00:00,PRCP,0.0,",,7,0800"
GHCND:USC00351574,2023-01-01T00:00:00,SNOW,0.0,",,7,"
GHCND:USC00351574,2023-01-01T00:00:00,SNWD,12.0,",,7,0800"
GHCND:USC00351574,2023-01-01T00:00:00,TMAX,40.0,",,7,0800"
GHCND:USC00351574,2023-01-01T00:00:00,TMIN,8.0,",,7,0800"
GHCND:USC00351574,2023-01-01T00:00:00,TOBS,24.0,",,7,0800"
GHCND:USC00351643,2023-01-01T00:00:00,PRCP,0.02,",,7,0800"
GHCND:USC00351643,2023-01-01T00:00:00,SNOW,0.0,",,7,"
GHCND:USC00351643,2023-01-01T00:00:00,SNWD,0.0,",,7,0800"
GHCND:USC00351643,2023-01-01T00:00:00,TMAX,49.0,",,7,0800"
GHCND:USC00351643,2023-01-01T00:00:00,TMIN,37.0,",,7,0800"
GHCND:USC00351643,2023-01-01T00:00:00,TOBS,43.0,",,7,0800"
GHCND:USC00351682,2023-01-01T00:00:00,PRCP,0.0,",,7,0800"
GHCND:USC00351682,2023-01-01T00:00:00,SNOW,0.0,",,7,"
GHCND:USC00351682,2023-01-01T00:00:00,SNWD,0.0,",,7,0800"
GHCND:USC00351682,2023-01-01T00:00:00,TMAX,50.0,",,7,0800"
GHCND:USC00351682,2023-01-01T00:00:00,TMIN,37.0,",,7,0800"
GHCND:USC00351836,2023-01-01T00:00:00,PRCP,0.02,",,7,0800"
GHCND:USC00351836,2023-01-01T00:00:00,SNOW,0.0,",,7,"
GHCND:USC00351836,2023-01-01T00:00:00,SNWD,0.0,",,7,"
GHCND:USC00351836,2023-01-01T00:00:00,TMAX,53.0,",,7,0800"
GHCND:USC00351836,2023-01-01T00:00:00,TMIN,37.0,",,7,0800"
GHCND:USC00351836,2023-01-01T00:00:00,TOBS,38.0,",,7,0800"
GHCND:USC00351862,2023-01-01T00:00:00,PRCP,0.13,",,7,0800"
GHCND:USC00351862,2023-01-01T00:00:00,SN31,45.0,",,7,0800"
GHCND:USC00351862,2023-01-01T00:00:00,SN32,45.0,",,7,0800"
GHCND:USC00351862,2023-01-01T00:00:00,SN33,37.0,",,7,0800"
GHCND:USC00351862,2023-01-01T00:00:00,SNOW,0.0,",,7,"
GHCND:USC00351862,2023-01-01T00:00:00,SNWD,0.0,",,7,"
GHCND:USC00351862,2023-01-01T00:00:00,SX31,48.0,",,7,0800"
GHCND:USC00351862,2023-01-01T00:00:00,SX32,47.0,",,7,0800"
GHCND:USC00351862,2023-01-01T00:00:00,SX33,41.0,",,7,0800"
GHCND:USC00351862,2023-01-01T00:00:00,SX35,42.0,",,7,0800"
GHCND:USC00351862,2023-01-01T00:00:00,SX36,50.0,",,7,0800"
GHCND:USC00351862,2023-01-01T00:00:00,TMAX,50.0,",,7,0800"
GHCND:USC00351862,2023-01-01T00:00:00,TMIN,35.0,",,7,0800"
GHCND:USC00351862,2023-01-01T00:00:00,TOBS,35.0,",,7,0800"
GHCND:USC00351877,2023-01-01T00:00:00,PRCP,0.16,",,7,0800"
GHCND:USC00351877,2023-01-01T00:00:00,SNOW,0.0,",,7,"
GHCND:USC00351877,2023-01-01T00:00:00,SNWD,0.0,",,7,"
GHCND:USC00351877,2023-01-01T00:00:00,TMAX,48.0,",,7,0800"
GHCND:USC00351877,2023-01-01T00:00:00,TMIN,29.0,",,7,0800"
GHCND:USC00351877,2023-01-01T00:00:00,TOBS,37.0,",,7,0800"
GHCND:USC00351897,2023-01-01T00:00:00,PRCP,0.08,",,7,0800"
GHCND:USC00351897,2023-01-01T00:00:00,SNOW,0.0,",,7,"
GHCND:USC00351897,2023-01-01T00:00:00,SNWD,0.0,",,7,"
GHCND:USC00351897,2023-01-01T00:00:00,TMAX,48.0,",,7,0800"
GHCND:USC00351897,2023-01-01T00:00:00,TMIN,42.0,",,7,0800"
GHCND:USC00351902,2023-01-01T00:00:00,PRCP,0.0,",,7,0700"
GHCND:USC00351902,2023-01-01T00:00:00,SNOW,0.0,",,7,"
GHCND:USC00351902,2023-01-01T00:00:00,SNWD,0.0,",,7,"
GHCND:USC00351902,2023-01-01T00:00:00,TMAX,47.0,",,7,0700"
GHCND:USC00351902,2023-01-01T00:00:00,TMIN,42.0,",,7,0700"
GHCND:USC00351914,2023-01-01T00:00:00,PRCP,0.01,",,7,"
GHCND:USC00351914,2023-01-01T00:00:00,SNOW,0.0,",,7,"
GHCND:USC00351914,2023-01-01T00:00:00,SNWD,0.0,",,7,"
GHCND:USC00351914,2023-01-01T00:00:00,TMAX,44.0,",,7,"
GHCND:USC00351914,2023-01-01T00:00:00,TMIN,37.0,",,7,"
GHCND:USC00351914,2023-01-01T00:00:00,TOBS,37.0,",,7,"
GHCND:USC00351926,2023-01-01T00:00:00,PRCP,0.0,"T,,7,0800"
GHCND:USC00351926,2023-01-01T00:00:00,SNOW,0.0,"T,,7,"
GHCND:USC00351926,2023-01-01T00:00:00,SNWD,0.0,"T,,7,0830"
GHCND:USC00351946,2023-01-01T00:00:00,PRCP,0.0,",,7,0800"
GHCND:USC00351946,2023-01-01T00:00:00,SNOW,0.0,",,7,"
GHCND:USC00351946,2023-01-01T00:00:00,SNWD,74.0,",,7,"
GHCND:USC00351946,2023-01-01T00:00:00,TMAX,30.0,",,7,0800"
GHCND:USC00351946,2023-01-01T00:00:00,TMIN,16.0,",,7,0800"
GHCND:USC00351946,2023-01-01T00:00:00,TOBS,17.0,",,7,0800"
GHCND:USC00351986,2023-01-01T00:00:00,PRCP,0.0,",,7,0700"
GHCND:USC00351986,2023-01-01T00:00:00,SNOW,0.0,",,7,0700"
GHCND:USC00351986,2023-01-01T00:00:00,SNWD,9.0,",,7,0700"
GHCND:USC00352112,2023-01-01T00:00:00,SNOW,0.0,",,7,"
GHCND:USC00352112,2023-01-01T00:00:00,SNWD,0.0,",,7,"
GHCND:USC00352112,2023-01-01T00:00:00,TMAX,49.0,",,7,1700"
GHCND:USC00352112,2023-01-01T00:00:00,TMIN,34.0,",,7,1700"
GHCND:USC00352292,2023-01-01T00:00:00,PRCP,0.15,",,7,0700"
GHCND:USC00352292,2023-01-01T00:00:00,SNOW,0.0,",,7,"
GHCND:USC00352292,2023-01-01T00:00:00,SNWD,0.0,",,7,"
GHCND:USC00352292,2023-01-01T00:00:00,TMAX,42.0,",,7,0700"
GHCND:USC00352292,2023-01-01T00:00:00,TMIN,38.0,",,7,0700"
GHCND:USC00352292,2023-01-01T00:00:00,TOBS,39.0,",,7,0700"
GHCND:USC00352295,2023-01-01T00:00:00,PRCP,0.0,",,7,0800"
GHCND:USC00352325,2023-01-01T00:00:00,PRCP,0.1,",,7,1200"
GHCND:USC00352325,2023-01-01T00:00:00,SNOW,0.0,",,7,"
GHCND:USC00352325,2023-01-01T00:00:00,SNWD,0.0,",,7,1200"
GHCND:USC00352374,2023-01-01T00:00:00,SNOW,0.0,",,7,"
GHCND:USC00352374,2023-01-01T00:00:00,SNWD,0.0,",,7,0700"
GHCND:USC00352374,2023-01-01T00:00:00,TMAX,48.0,",,7,0700"
GHCND:USC00352374,2023-01-01T00:00:00,TMIN,31.0,",,7,0700"
GHCND:USC00352406,2023-01-01T00:00:00,PRCP,0.0,",,7,0800"
GHCND:USC00352406,2023-01-01T00:00:00,SNOW,0.0,",,7,"
GHCND:USC00352406,2023-01-01T00:00:00,SNWD,0.0,",,7,"
GHCND:USC00352406,2023-01-01T00:00:00,TMAX,52.0,",,7,0800"
GHCND:USC00352406,2023-01-01T00:00:00,TMIN,39.0,",,7,0800"
GHCND:USC00352493,2023-01-01T00:00:00,SNOW,0.0,",,7,"
GHCND:USC00352493,2023-01-01T00:00:00,SNWD,0.0,",,7,"
GHCND:USC00352632,2023-01-01T00:00:00,PRCP,0.0,",,7,0800"
GHCND:USC00352632,2023-01-01T00:00:00,SNOW,0.0,",,7,"
GHCND:USC00352632,2023-01-01T00:00:00,SNWD,0.0,",,7,"
GHCND:USC00352632,2023-01-01T00:00:00,TMAX,52.0,",,7,0800"
GHCND:USC00352632,2023-01-01T00:00:00,TMIN,38.0,",,7,0800"
GHCND:USC00352632,2023-01-01T00:00:00,TOBS,39.0,",,7,0800"
GHCND:USC00352655,2023-01-01T00:00:00,PRCP,0.0,",,7,0700"
GHCND:USC00352655,2023-01-01T00:00:00,SNOW,0.0,",,7,"
GHCND:USC00352655,2023-01-01T00:00:00,SNWD,6.0,",,7,0700"
GHCND:USC00352693,2023-01-01T00:00:00,PRCP,0.07,",,7,0800"
GHCND:USC00352693,2023-01-01T00:00:00,SNOW,0.0,",,7,"
GHCND:USC00352693,2023-01-01T00:00:00,SNWD,0.0,",,7,"
GHCND:USC00352693,2023-01-01T00:00:00,TMAX,48.0,",,7,0800"
GHCND:USC00352693,2023-01-01T00:00:00,TMIN,39.0,",,7,0800"
GHCND:USC00352693,2023-01-01T00:00:00,TOBS,40.0,",,7,0800"
GHCND:USC00352800,2023-01-01T00:00:00,PRCP,0.16,",,7,0800"
GHCND:USC00352800,2023-01-01T00:00:00,SNOW,0.0,",,7,"
GHCND:USC00352800,2023-01-01T00:00:00,SNWD,0.0,",,7,"
GHCND:USC00352800,2023-01-01T00:00:00,TMAX,49.0,",,7,0800"
GHCND:USC00352800,2023-01-01T00:00:00,TMIN,33.0,",,7,0800"
GHCND:USC00352800,2023-01-01T00:00:00,TOBS,37.0,",,7,0800"
GHCND:USC00352867,2023-01-01T00:00:00,PRCP,0.0,",,7,0700"
GHCND:USC00352867,2023-01-01T00:00:00,SNOW,0.0,",,7,"
GHCND:USC00352867,2023-01-01T00:00:00,SNWD,0.0,",,7,0700"
GHCND:USC00352867,2023-01-01T00:00:00,TMAX,39.0,",,7,0700"
GHCND:USC00352867,2023-01-01T00:00:00,TMIN,32.0,",,7,0700"
GHCND:USC00352973,2023-01-01T00:00:00,PRCP,0.0,",,7,2400"
GHCND:USC00352973,2023-01-01T00:00:00,SNOW,0.0,",,7,"
GHCND:USC00352973,2023-01-01T00:00:00,SNWD,0.0,",,7,"
GHCND:USC00352973,2023-01-01T00:00:00,TMAX,44.0,",,7,2400"
GHCND:USC00352973,2023-01-01T00:00:00,TMIN,33.0,",,7,2400"
GHCND:USC00352973,2023-01-01T00:00:00,TOBS,39.0,",,7,2400"
GHCND:USC00352997,2023-01-01T00:00:00,SNOW,0.0,",,7,"
GHCND:USC00352997,2023-01-01T00:00:00,SNWD,0.0,",,7,"
GHCND:USC00352997,2023-01-01T00:00:00,TMAX,47.0,",,7,0800"
GHCND:USC00352997,2023-01-01T00:00:00,TMIN,31.0,",,7,0800"
GHCND:USC00353038,2023-01-01T00:00:00,TMAX,42.0,",,7,1700"
GHCND:USC00353038,2023-01-01T00:00:00,TMIN,19.0,",,7,1700"
GHCND:USC00353047,2023-01-01T00:00:00,PRCP,0.1,",,7,0800"
GHCND:USC00353047,2023-01-01T00:00:00,SNOW,0.0,",,7,"
GHCND:USC00353047,2023-01-01T00:00:00,SNWD,0.0,",,7,0800"
GHCND:USC00353047,2023-01-01T00:00:00,TMAX,48.0,",,7,0800"
GHCND:USC00353047,2023-01-01T00:00:00,TMIN,38.0,",,7,0800"
GHCND:USC00353047,2023-01-01T00:00:00,TOBS,38.0,",,7,0800"
GHCND:USC00353320,2023-01-01T00:00:00,PRCP,0.02,",,7,0900"
GHCND:USC00353320,2023-01-01T00:00:00,SNOW,0.0,",,7,"
GHCND:USC00353320,2023-01-01T00:00:00,SNWD,0.0,",,7,"
GHCND:USC00353351,2023-01-01T00:00:00,PRCP,0.02,",,7,0800"
GHCND:USC00353351,2023-01-01T00:00:00,SNOW,0.0,",,7,"
GHCND:USC00353351,2023-01-01T00:00:00,SNWD,0.0,",,7,0800"
GHCND:USC00353402,2023-01-01T00:00:00,PRCP,0.0,",,7,0700"
GHCND:USC00353402,2023-01-01T00:00:00,SNOW,0.0,",,7,"
GHCND:USC00353402,2023-01-01T00:00:00,SNWD,34.0,",,7,0700"
GHCND:USC00353402,2023-01-01T00:00:00,TMAX,37.0,",,7,0700"
GHCND:USC00353402,2023-01-01T00:00:00,TMIN,27.0,",,7,0700"
GHCND:USC00353402,2023-01-01T00:00:00,TOBS,27.0,",,7,0700"
GHCND:USC00353445,2023-01-01T00:00:00,PRCP,0.0,",,7,0700"
GHCND:USC00353445,2023-01-01T00:00:00,SNOW,0.0,",,7,"
GHCND:USC00353445,2023-01-01T00:00:00,SNWD,0.0,",,7,"
GHCND:USC00353445,2023-01-01T00:00:00,TMAX,49.0,",,7,0700"
GHCND:USC00353445,2023-01-01T00:00:00,TMIN,35.0,",,7,0700"
GHCND:USC00353445,2023-01-01T00:00:00,TOBS,36.0,",,7,0700"
GHCND:USC00353509,2023-01-01T00:00:00,SNOW,0.0,",,7,"
GHCND:USC00353509,2023-01-01T00:00:00,SNWD,0.0,",,7,0600"
GHCND:USC00353542,2023-01-01T00:00:00,PRCP,0.0,",,7,1900"
GHCND:USC00353542,2023-01-01T00:00:00,SNOW,0.0,",,7,"
GHCND:USC00353542,2023-01-01T00:00:00,SNWD,0.0,"T,,7,1900"
GHCND:USC00353542,2023-01-01T00:00:00,TMAX,39.0,",,7,1900"
GHCND:USC00353542,2023-01-01T00:00:00,TMIN,24.0,",,7,1900"
GHCND:USC00353542,2023-01-01T00:00:00,TOBS,25.0,",,7,1900"
GHCND:USC00353604,2023-01-01T00:00:00,PRCP,0.0,",,7,1900"
GHCND:USC00353604,2023-01-01T00:00:00,SNOW,0.0,",,7,"
GHCND:USC00353604,2023-01-01T00:00:00,SNWD,9.0,",,7,1900"
GHCND:USC00353604,2023-01-01T00:00:00,TMAX,32.0,",,7,1900"
GHCND:USC00353604,2023-01-01T00:00:00,TMIN,20.0,",,7,1900"
GHCND:USC00353604,2023-01-01T00:00:00,TOBS,20.0,",,7,1900"
GHCND:USC00353705,2023-01-01T00:00:00,PRCP,0.08,",,7,0800"
GHCND:USC00353705,2023-01-01T00:00:00,SNOW,0.0,",,7,"
GHCND:USC00353705,2023-01-01T00:00:00,SNWD,0.0,",,7,"
GHCND:USC00353770,2023-01-01T00:00:00,PRCP,0.02,",,7,0600"
GHCND:USC00353770,2023-01-01T00:00:00,SNOW,0.0,",,7,"
GHCND:USC00353770,2023-01-01T00:00:00,SNWD,0.0,",,7,"
GHCND:USC00353770,2023-01-01T00:00:00,TMAX,43.0,",,7,2400"
GHCND:USC00353770,2023-01-01T00:00:00,TMIN,35.0,",,7,2400"
GHCND:USC00353818,2023-01-01T00:00:00,PRCP,0.0,",,7,0700"
GHCND:USC00353818,2023-01-01T00:00:00,SNOW,0.0,",,7,"
GHCND:USC00353818,2023-01-01T00:00:00,TMAX,55.0,",,7,0700"
GHCND:USC00353818,2023-01-01T00:00:00,TMIN,26.0,",,7,0700"
GHCND:USC00353818,2023-01-01T00:00:00,TOBS,35.0,",,7,0700"
GHCND:USC00353827,2023-01-01T00:00:00,PRCP,0.0,",,7,0800"
GHCND:USC00353827,2023-01-01T00:00:00,SNOW,0.0,",,7,"
GHCND:USC00353827,2023-01-01T00:00:00,SNWD,0.0,",,7,0800"
GHCND:USC00353827,2023-01-01T00:00:00,TMAX,48.0,",,7,0800"
GHCND:USC00353827,2023-01-01T00:00:00,TMIN,31.0,",,7,0800"
GHCND:USC00353827,2023-01-01T00:00:00,TOBS,31.0,",,7,0800"
GHCND:USC00353971,2023-01-01T00:00:00,PRCP,0.09,",,7,0800"
GHCND:USC00353971,2023-01-01T00:00:00,SNOW,0.0,",,7,"
GHCND:USC00353971,2023-01-01T00:00:00,SNWD,0.0,",,7,0800"
GHCND:USC00353995,2023-01-01T00:00:00,PRCP,0.01,",,7,1600"
GHCND:USC00353995,2023-01-01T00:00:00,SNOW,0.0,",,7,"
GHCND:USC00353995,2023-01-01T00:00:00,SNWD,0.0,",,7,"
GHCND:USC00353995,2023-01-01T00:00:00,TMAX,44.0,",,7,1600"
GHCND:USC00353995,2023-01-01T00:00:00,TMIN,32.0,",,7,1600"
GHCND:USC00354003,2023-01-01T00:00:00,PRCP,0.0,",,7,0800"
GHCND:USC00354003,2023-01-01T00:00:00,SNOW,0.0,",,7,"
GHCND:USC00354003,2023-01-01T00:00:00,SNWD,0.0,",,7,"
GHCND:USC00354003,2023-01-01T00:00:00,TMAX,49.0,",,7,0800"
GHCND:USC00354003,2023-01-01T00:00:00,TMIN,31.0,",,7,0800"
GHCND:USC00354003,2023-01-01T00:00:00,TOBS,31.0,",,7,0800"
GHCND:USC00354060,2023-01-01T00:00:00,PRCP,0.07,",,7,0700"
GHCND:USC00354060,2023-01-01T00:00:00,SNOW,0.0,",,7,"
GHCND:USC00354060,2023-01-01T00:00:00,SNWD,11.0,",,7,0700"
GHCND:USC00354060,2023-01-01T00:00:00,TMAX,36.0,",,7,0700"
GHCND:USC00354060,2023-01-01T00:00:00,TMIN,28.0,",,7,0700"
GHCND:USC00354060,2023-01-01T00:00:00,TOBS,28.0,",,7,0700"
GHCND:USC00354291,2023-01-01T00:00:00,PRCP,0.0,",,7,0800"
GHCND:USC00354291,2023-01-01T00:00:00,SNOW,0.0,",,7,"
GHCND:USC00354291,2023-01-01T00:00:00,TMAX,39.0,",,7,0800"
GHCND:USC00354291,2023-01-01T00:00:00,TMIN,25.0,",,7,0800"
GHCND:USC00354291,2023-01-01T00:00:00,TOBS,28.0,",,7,0800"
GHCND:USC00354329,2023-01-01T00:00:00,PRCP,0.0,",,7,0700"
GHCND:USC00354329,2023-01-01T00:00:00,SNOW,0.0,",,7,"
GHCND:USC00354403,2023-01-01T00:00:00,PRCP,0.0,",,7,0800"
GHCND:USC00354403,2023-01-01T00:00:00,SNOW,0.0,",,7,"
GHCND:USC00354403,2023-01-01T00:00:00,SNWD,0.0,",,7,"
GHCND:USC00354403,2023-01-01T00:00:00,TMAX,39.0,",,7,0800"
GHCND:USC00354403,2023-01-01T00:00:00,TMIN,22.0,",,7,0800"
GHCND:USC00354403,2023-01-01T00:00:00,TOBS,34.0,",,7,0800"
GHCND:USC00354501,2023-01-01T00:00:00,PRCP,0.0,",,7,0800"
GHCND:USC00354501,2023-01-01T00:00:00,SNOW,0.0,",,7,"
GHCND:USC00354501,2023-01-01T00:00:00,SNWD,0.0,",,7,"
GHCND:USC00354606,2023-01-01T00:00:00,PRCP,0.12,",,7,0800"
GHCND:USC00354606,2023-01-01T00:00:00,SNOW,0.0,",,7,"
GHCND:USC00354606,2023-01-01T00:00:00,SNWD,0.0,",,7,"
GHCND:USC00354606,2023-01-01T00:00:00,TMAX,47.0,",,7,0800"
GHCND:USC00354606,2023-01-01T00:00:00,TMIN,36.0,",,7,0800"
GHCND:USC00354622,2023-01-01T00:00:00,PRCP,0.0,",,7,0800"
GHCND:USC00354622,2023-01-01T00:00:00,SNOW,0.0,",,7,"
GHCND:USC00354622,2023-01-01T00:00:00,SNWD,0.0,",,7,0800"
GHCND:USC00354622,2023-01-01T00:00:00,TMAX,43.0,",,7,0800"
GHCND:USC00354622,2023-01-01T00:00:00,TMIN,31.0,",,7,0800"
GHCND:USC00354721,2023-01-01T00:00:00,PRCP,0.0,",,7,0900"
GHCND:USC00354721,2023-01-01T00:00:00,SNOW,0.0,",,7,"
GHCND:USC00354721,2023-01-01T00:00:00,SNWD,0.0,",,7,"
GHCND:USC00354721,2023-01-01T00:00:00,TMAX,52.0,",,7,0900"
GHCND:USC00354721,2023-01-01T00:00:00,TMIN,35.0,",,7,0900"
GHCND:USC00354811,2023-01-01T00:00:00,PRCP,0.0,"T,,7,0800"
GHCND:USC00354811,2023-01-01T00:00:00,SNOW,0.0,",,7,"
GHCND:USC00354811,2023-01-01T00:00:00,SNWD,0.0,",,7,"
GHCND:USC00354811,2023-01-01T00:00:00,TMAX,49.0,",,7,0800"
GHCND:USC00354811,2023-01-01T00:00:00,TMIN,39.0,",,7,0800"
GHCND:USC00354811,2023-01-01T00:00:00,TOBS,40.0,",,7,0800"
